Protein,Start,End,Sequence,Modification,Fragment,MaxUptake,MHP,State,Exposure,File,z,RT,Inten,Center,Replicate
rtt,75,93,KLEGVSVLSPLRKKLDLVF,,,17.000000,2141.305600,Rtt,0.000000,O25098GUT,4,7.293390,2827673.000000,536.396756,1
rtt,75,93,KLEGVSVLSPLRKKLDLVF,,,17.000000,2141.305600,Rtt,0.000000,O25100GUT,4,7.295476,2116070.000000,536.396688,2
rtt,75,93,KLEGVSVLSPLRKKLDLVF,,,17.000000,2141.305600,Rtt,0.000000,O25102GUT,4,7.299630,1381273.000000,536.398577,3
rtt,75,93,KLEGVSVLSPLRKKLDLVF,,,17.000000,2141.305600,Rtt,0.500000,O25116GUT,4,7.298761,456673.000000,536.976179,1
rtt,75,93,KLEGVSVLSPLRKKLDLVF,,,17.000000,2141.305600,Rtt,0.500000,O25118GUT,4,7.301119,351689.000000,536.961385,2
rtt,75,93,KLEGVSVLSPLRKKLDLVF,,,17.000000,2141.305600,Rtt,0.500000,O25120GUT,4,7.299071,297416.000000,536.941826,3
rtt,75,93,KLEGVSVLSPLRKKLDLVF,,,17.000000,2141.305600,Rtt,2.000000,O25134GUT,4,7.303610,285293.000000,537.143067,1
rtt,75,93,KLEGVSVLSPLRKKLDLVF,,,17.000000,2141.305600,Rtt,2.000000,O25136GUT,4,7.303591,295659.000000,537.123266,2
rtt,75,93,KLEGVSVLSPLRKKLDLVF,,,17.000000,2141.305600,Rtt,2.000000,O25138GUT,4,7.303381,258254.000000,537.135336,3
rtt,75,93,KLEGVSVLSPLRKKLDLVF,,,17.000000,2141.305600,Rtt,10.000000,O25152GUT,4,7.304175,288538.000000,537.360849,1
rtt,75,93,KLEGVSVLSPLRKKLDLVF,,,17.000000,2141.305600,Rtt,10.000000,O25154GUT,4,7.297243,297097.000000,537.327338,2
rtt,75,93,KLEGVSVLSPLRKKLDLVF,,,17.000000,2141.305600,Rtt,10.000000,O25156GUT,4,7.299844,305279.000000,537.329198,3
rtt,75,93,KLEGVSVLSPLRKKLDLVF,,,17.000000,2141.305600,Rtt,30.000002,O25170GUT,4,7.296139,275056.000000,537.458611,1
rtt,75,93,KLEGVSVLSPLRKKLDLVF,,,17.000000,2141.305600,Rtt,30.000002,O25172GUT,4,7.297115,281790.000000,537.459452,2
rtt,75,93,KLEGVSVLSPLRKKLDLVF,,,17.000000,2141.305600,Rtt,30.000002,O25174GUT,4,7.304141,283862.000000,537.463115,3
rtt,75,93,KLEGVSVLSPLRKKLDLVF,,,17.000000,2141.305600,Rtt,60.000004,O25188GUT,4,7.300591,227421.000000,537.524543,1
rtt,75,93,KLEGVSVLSPLRKKLDLVF,,,17.000000,2141.305600,Rtt,60.000004,O25190GUT,4,7.299829,208975.000000,537.531827,2
rtt,75,93,KLEGVSVLSPLRKKLDLVF,,,17.000000,2141.305600,Rtt,60.000004,O25192GUT,4,7.293511,195274.000000,537.540216,3
rtt,75,93,KLEGVSVLSPLRKKLDLVF,,,17.000000,2141.305600,Rtt_Bcd,0.000000,O25104GUT,4,7.281123,1479191.000000,536.397973,1
rtt,75,93,KLEGVSVLSPLRKKLDLVF,,,17.000000,2141.305600,Rtt_Bcd,0.000000,O25106GUT,4,7.283688,1425321.000000,536.394815,2
rtt,75,93,KLEGVSVLSPLRKKLDLVF,,,17.000000,2141.305600,Rtt_Bcd,0.000000,O25108GUT,4,7.287026,1345697.000000,536.398865,3
rtt,75,93,KLEGVSVLSPLRKKLDLVF,,,17.000000,2141.305600,Rtt_Bcd,0.500000,O25122GUT,4,7.290147,796567.000000,536.904152,1
rtt,75,93,KLEGVSVLSPLRKKLDLVF,,,17.000000,2141.305600,Rtt_Bcd,0.500000,O25124GUT,4,7.291267,784645.000000,536.915993,2
rtt,75,93,KLEGVSVLSPLRKKLDLVF,,,17.000000,2141.305600,Rtt_Bcd,0.500000,O25126GUT,4,7.288628,759595.000000,536.905753,3
rtt,75,93,KLEGVSVLSPLRKKLDLVF,,,17.000000,2141.305600,Rtt_Bcd,2.000000,O25140GUT,4,7.293636,861769.000000,537.059136,1
rtt,75,93,KLEGVSVLSPLRKKLDLVF,,,17.000000,2141.305600,Rtt_Bcd,2.000000,O25142GUT,4,7.290373,709929.000000,537.055220,2
rtt,75,93,KLEGVSVLSPLRKKLDLVF,,,17.000000,2141.305600,Rtt_Bcd,2.000000,O25144GUT,4,7.293788,782172.000000,537.050315,3
rtt,75,93,KLEGVSVLSPLRKKLDLVF,,,17.000000,2141.305600,Rtt_Bcd,10.000000,O25158GUT,4,7.286438,834256.000000,537.218734,1
rtt,75,93,KLEGVSVLSPLRKKLDLVF,,,17.000000,2141.305600,Rtt_Bcd,10.000000,O25160GUT,4,7.283677,869851.000000,537.230704,2
rtt,75,93,KLEGVSVLSPLRKKLDLVF,,,17.000000,2141.305600,Rtt_Bcd,10.000000,O25162GUT,4,7.286608,873414.000000,537.230178,3
rtt,75,93,KLEGVSVLSPLRKKLDLVF,,,17.000000,2141.305600,Rtt_Bcd,30.000002,O25176GUT,4,7.285134,841340.000000,537.344657,1
rtt,75,93,KLEGVSVLSPLRKKLDLVF,,,17.000000,2141.305600,Rtt_Bcd,30.000002,O25178GUT,4,7.291404,740260.000000,537.360224,2
rtt,75,93,KLEGVSVLSPLRKKLDLVF,,,17.000000,2141.305600,Rtt_Bcd,30.000002,O25180GUT,4,7.290133,759724.000000,537.368911,3
rtt,75,93,KLEGVSVLSPLRKKLDLVF,,,17.000000,2141.305600,Rtt_Bcd,60.000004,O25194GUT,4,7.280180,680834.000000,537.428833,1
rtt,75,93,KLEGVSVLSPLRKKLDLVF,,,17.000000,2141.305600,Rtt_Bcd,60.000004,O25196GUT,4,7.288558,612846.000000,537.419234,2
rtt,75,93,KLEGVSVLSPLRKKLDLVF,,,17.000000,2141.305600,Rtt_Bcd,60.000004,O25198GUT,4,7.286226,601248.000000,537.412223,3
rtt,81,93,VLSPLRKKLDLVF,,,11.000000,1527.962100,Rtt,0.000000,O25098GUT,3,6.994257,2246966.000000,510.285698,1
rtt,81,93,VLSPLRKKLDLVF,,,11.000000,1527.962100,Rtt,0.000000,O25100GUT,3,6.998757,1585135.000000,510.285764,2
rtt,81,93,VLSPLRKKLDLVF,,,11.000000,1527.962100,Rtt,0.000000,O25102GUT,3,7.004991,966757.000000,510.296585,3
rtt,81,93,VLSPLRKKLDLVF,,,11.000000,1527.962100,Rtt,0.500000,O25116GUT,3,7.010767,292931.000000,510.713050,1
rtt,81,93,VLSPLRKKLDLVF,,,11.000000,1527.962100,Rtt,0.500000,O25118GUT,3,7.012862,206236.000000,510.689375,2
rtt,81,93,VLSPLRKKLDLVF,,,11.000000,1527.962100,Rtt,0.500000,O25120GUT,3,7.011052,190305.000000,510.704330,3
rtt,81,93,VLSPLRKKLDLVF,,,11.000000,1527.962100,Rtt,2.000000,O25134GUT,3,7.017027,170645.000000,510.807705,1
rtt,81,93,VLSPLRKKLDLVF,,,11.000000,1527.962100,Rtt,2.000000,O25136GUT,3,7.015147,195448.000000,510.839540,2
rtt,81,93,VLSPLRKKLDLVF,,,11.000000,1527.962100,Rtt,2.000000,O25138GUT,3,7.014805,164282.000000,510.833832,3
rtt,81,93,VLSPLRKKLDLVF,,,11.000000,1527.962100,Rtt,10.000000,O25152GUT,3,7.024899,191747.000000,510.934923,1
rtt,81,93,VLSPLRKKLDLVF,,,11.000000,1527.962100,Rtt,10.000000,O25154GUT,3,7.015578,187464.000000,510.934234,2
rtt,81,93,VLSPLRKKLDLVF,,,11.000000,1527.962100,Rtt,10.000000,O25156GUT,3,7.010948,182666.000000,510.929804,3
rtt,81,93,VLSPLRKKLDLVF,,,11.000000,1527.962100,Rtt,30.000002,O25170GUT,3,7.015554,164735.000000,510.928015,1
rtt,81,93,VLSPLRKKLDLVF,,,11.000000,1527.962100,Rtt,30.000002,O25172GUT,3,7.012265,172798.000000,510.972440,2
rtt,81,93,VLSPLRKKLDLVF,,,11.000000,1527.962100,Rtt,30.000002,O25174GUT,3,7.013848,177249.000000,510.957450,3
rtt,81,93,VLSPLRKKLDLVF,,,11.000000,1527.962100,Rtt,60.000004,O25188GUT,3,7.018225,136195.000000,511.009161,1
rtt,81,93,VLSPLRKKLDLVF,,,11.000000,1527.962100,Rtt,60.000004,O25190GUT,3,7.013513,131106.000000,510.972442,2
rtt,81,93,VLSPLRKKLDLVF,,,11.000000,1527.962100,Rtt,60.000004,O25192GUT,3,7.013560,114940.000000,511.027624,3
rtt,81,93,VLSPLRKKLDLVF,,,11.000000,1527.962100,Rtt_Bcd,0.000000,O25104GUT,3,6.989063,1233782.000000,510.302036,1
rtt,81,93,VLSPLRKKLDLVF,,,11.000000,1527.962100,Rtt_Bcd,0.000000,O25106GUT,3,6.991897,1197290.000000,510.306511,2
rtt,81,93,VLSPLRKKLDLVF,,,11.000000,1527.962100,Rtt_Bcd,0.000000,O25108GUT,3,6.994791,1154928.000000,510.305839,3
rtt,81,93,VLSPLRKKLDLVF,,,11.000000,1527.962100,Rtt_Bcd,0.500000,O25122GUT,3,7.003392,511227.000000,510.714777,1
rtt,81,93,VLSPLRKKLDLVF,,,11.000000,1527.962100,Rtt_Bcd,0.500000,O25124GUT,3,7.001240,552494.000000,510.723209,2
rtt,81,93,VLSPLRKKLDLVF,,,11.000000,1527.962100,Rtt_Bcd,0.500000,O25126GUT,3,7.001582,476565.000000,510.721981,3
rtt,81,93,VLSPLRKKLDLVF,,,11.000000,1527.962100,Rtt_Bcd,2.000000,O25140GUT,3,7.007052,626709.000000,510.809147,1
rtt,81,93,VLSPLRKKLDLVF,,,11.000000,1527.962100,Rtt_Bcd,2.000000,O25142GUT,3,7.002957,487669.000000,510.809425,2
rtt,81,93,VLSPLRKKLDLVF,,,11.000000,1527.962100,Rtt_Bcd,2.000000,O25144GUT,3,7.006353,509083.000000,510.801418,3
rtt,81,93,VLSPLRKKLDLVF,,,11.000000,1527.962100,Rtt_Bcd,10.000000,O25158GUT,3,6.999648,555691.000000,510.889473,1
rtt,81,93,VLSPLRKKLDLVF,,,11.000000,1527.962100,Rtt_Bcd,10.000000,O25160GUT,3,6.995981,632484.000000,510.879481,2
rtt,81,93,VLSPLRKKLDLVF,,,11.000000,1527.962100,Rtt_Bcd,10.000000,O25162GUT,3,6.998517,660318.000000,510.890062,3
rtt,81,93,VLSPLRKKLDLVF,,,11.000000,1527.962100,Rtt_Bcd,30.000002,O25176GUT,3,6.996992,646307.000000,510.935130,1
rtt,81,93,VLSPLRKKLDLVF,,,11.000000,1527.962100,Rtt_Bcd,30.000002,O25178GUT,3,7.004223,530526.000000,510.971397,2
rtt,81,93,VLSPLRKKLDLVF,,,11.000000,1527.962100,Rtt_Bcd,30.000002,O25180GUT,3,7.002211,533884.000000,510.969219,3
rtt,81,93,VLSPLRKKLDLVF,,,11.000000,1527.962100,Rtt_Bcd,60.000004,O25194GUT,3,6.993592,503188.000000,511.026572,1
rtt,81,93,VLSPLRKKLDLVF,,,11.000000,1527.962100,Rtt_Bcd,60.000004,O25196GUT,3,7.000646,437929.000000,510.990485,2
rtt,81,93,VLSPLRKKLDLVF,,,11.000000,1527.962100,Rtt_Bcd,60.000004,O25198GUT,3,6.996801,439096.000000,510.999110,3
rtt,83,93,SPLRKKLDLVF,,,9.000000,1315.809600,Rtt,0.000000,O25098GUT,2,6.653797,854125.000000,658.794397,1
rtt,83,93,SPLRKKLDLVF,,,9.000000,1315.809600,Rtt,0.000000,O25100GUT,2,6.659321,546492.000000,658.792493,2
rtt,83,93,SPLRKKLDLVF,,,9.000000,1315.809600,Rtt,0.000000,O25102GUT,2,6.665114,300386.000000,658.779343,3
rtt,83,93,SPLRKKLDLVF,,,9.000000,1315.809600,Rtt,0.500000,O25116GUT,2,6.676620,97530.000000,659.271484,1
rtt,83,93,SPLRKKLDLVF,,,9.000000,1315.809600,Rtt,0.500000,O25118GUT,2,6.669324,69714.000000,659.311395,2
rtt,83,93,SPLRKKLDLVF,,,9.000000,1315.809600,Rtt,0.500000,O25120GUT,2,6.673451,62931.000000,659.204737,3
rtt,83,93,SPLRKKLDLVF,,,9.000000,1315.809600,Rtt,2.000000,O25134GUT,2,6.675329,54514.000000,659.313191,1
rtt,83,93,SPLRKKLDLVF,,,9.000000,1315.809600,Rtt,2.000000,O25136GUT,2,6.677840,63489.000000,659.273693,2
rtt,83,93,SPLRKKLDLVF,,,9.000000,1315.809600,Rtt,2.000000,O25138GUT,2,6.680391,54693.000000,659.298484,3
rtt,83,93,SPLRKKLDLVF,,,9.000000,1315.809600,Rtt,10.000000,O25152GUT,2,6.682642,53711.000000,659.322319,1
rtt,83,93,SPLRKKLDLVF,,,9.000000,1315.809600,Rtt,10.000000,O25154GUT,2,6.671790,61232.000000,659.374234,2
rtt,83,93,SPLRKKLDLVF,,,9.000000,1315.809600,Rtt,10.000000,O25156GUT,2,6.674121,57037.000000,659.322329,3
rtt,83,93,SPLRKKLDLVF,,,9.000000,1315.809600,Rtt,30.000002,O25170GUT,2,6.674810,68481.000000,659.344662,1
rtt,83,93,SPLRKKLDLVF,,,9.000000,1315.809600,Rtt,30.000002,O25172GUT,2,6.671661,61947.000000,659.293706,2
rtt,83,93,SPLRKKLDLVF,,,9.000000,1315.809600,Rtt,30.000002,O25174GUT,2,6.672112,57428.000000,659.370964,3
rtt,83,93,SPLRKKLDLVF,,,9.000000,1315.809600,Rtt,60.000004,O25188GUT,2,6.681063,45855.000000,659.390064,1
rtt,83,93,SPLRKKLDLVF,,,9.000000,1315.809600,Rtt,60.000004,O25190GUT,2,6.678979,47423.000000,659.393395,2
rtt,83,93,SPLRKKLDLVF,,,9.000000,1315.809600,Rtt,60.000004,O25192GUT,2,6.681437,39800.000000,659.327474,3
rtt,83,93,SPLRKKLDLVF,,,9.000000,1315.809600,Rtt_Bcd,0.000000,O25104GUT,2,6.635853,569081.000000,658.808488,1
rtt,83,93,SPLRKKLDLVF,,,9.000000,1315.809600,Rtt_Bcd,0.000000,O25106GUT,2,6.639755,558728.000000,658.797523,2
rtt,83,93,SPLRKKLDLVF,,,9.000000,1315.809600,Rtt_Bcd,0.000000,O25108GUT,2,6.644404,509596.000000,658.824633,3
rtt,83,93,SPLRKKLDLVF,,,9.000000,1315.809600,Rtt_Bcd,0.500000,O25122GUT,2,6.658494,237556.000000,659.232683,1
rtt,83,93,SPLRKKLDLVF,,,9.000000,1315.809600,Rtt_Bcd,0.500000,O25124GUT,2,6.656536,269632.000000,659.248782,2
rtt,83,93,SPLRKKLDLVF,,,9.000000,1315.809600,Rtt_Bcd,0.500000,O25126GUT,2,6.655469,236266.000000,659.278812,3
rtt,83,93,SPLRKKLDLVF,,,9.000000,1315.809600,Rtt_Bcd,2.000000,O25140GUT,2,6.653284,310281.000000,659.296871,1
rtt,83,93,SPLRKKLDLVF,,,9.000000,1315.809600,Rtt_Bcd,2.000000,O25142GUT,2,6.657869,238048.000000,659.293119,2
rtt,83,93,SPLRKKLDLVF,,,9.000000,1315.809600,Rtt_Bcd,2.000000,O25144GUT,2,6.652733,266709.000000,659.304605,3
rtt,83,93,SPLRKKLDLVF,,,9.000000,1315.809600,Rtt_Bcd,10.000000,O25158GUT,2,6.656474,289804.000000,659.347137,1
rtt,83,93,SPLRKKLDLVF,,,9.000000,1315.809600,Rtt_Bcd,10.000000,O25160GUT,2,6.650505,320831.000000,659.324262,2
rtt,83,93,SPLRKKLDLVF,,,9.000000,1315.809600,Rtt_Bcd,10.000000,O25162GUT,2,6.654637,330519.000000,659.294623,3
rtt,83,93,SPLRKKLDLVF,,,9.000000,1315.809600,Rtt_Bcd,30.000002,O25176GUT,2,6.654518,355316.000000,659.313669,1
rtt,83,93,SPLRKKLDLVF,,,9.000000,1315.809600,Rtt_Bcd,30.000002,O25178GUT,2,6.662107,308973.000000,659.322661,2
rtt,83,93,SPLRKKLDLVF,,,9.000000,1315.809600,Rtt_Bcd,30.000002,O25180GUT,2,6.658530,295045.000000,659.333956,3
rtt,83,93,SPLRKKLDLVF,,,9.000000,1315.809600,Rtt_Bcd,60.000004,O25194GUT,2,6.651464,269827.000000,659.332141,1
rtt,83,93,SPLRKKLDLVF,,,9.000000,1315.809600,Rtt_Bcd,60.000004,O25196GUT,2,6.648893,235952.000000,659.401468,2
rtt,83,93,SPLRKKLDLVF,,,9.000000,1315.809600,Rtt_Bcd,60.000004,O25198GUT,2,6.647573,232509.000000,659.437450,3
rtt,94,106,YLSNVDGSPVITL,,,11.000000,1377.726000,Rtt,0.000000,O25098GUT,2,7.768159,1424814.000000,689.751317,1
rtt,94,106,YLSNVDGSPVITL,,,11.000000,1377.726000,Rtt,0.000000,O25100GUT,2,7.772451,1073608.000000,689.749337,2
rtt,94,106,YLSNVDGSPVITL,,,11.000000,1377.726000,Rtt,0.000000,O25102GUT,2,7.776861,676786.000000,689.749417,3
rtt,94,106,YLSNVDGSPVITL,,,11.000000,1377.726000,Rtt,0.500000,O25116GUT,2,7.775093,264169.000000,690.312279,1
rtt,94,106,YLSNVDGSPVITL,,,11.000000,1377.726000,Rtt,0.500000,O25118GUT,2,7.773353,195370.000000,690.314227,2
rtt,94,106,YLSNVDGSPVITL,,,11.000000,1377.726000,Rtt,0.500000,O25120GUT,2,7.777618,176613.000000,690.275577,3
rtt,94,106,YLSNVDGSPVITL,,,11.000000,1377.726000,Rtt,2.000000,O25134GUT,2,7.783195,155438.000000,690.337911,1
rtt,94,106,YLSNVDGSPVITL,,,11.000000,1377.726000,Rtt,2.000000,O25136GUT,2,7.778134,178846.000000,690.347858,2
rtt,94,106,YLSNVDGSPVITL,,,11.000000,1377.726000,Rtt,2.000000,O25138GUT,2,7.779608,157947.000000,690.376689,3
rtt,94,106,YLSNVDGSPVITL,,,11.000000,1377.726000,Rtt,10.000000,O25152GUT,2,7.788166,174299.000000,690.500805,1
rtt,94,106,YLSNVDGSPVITL,,,11.000000,1377.726000,Rtt,10.000000,O25154GUT,2,7.781208,175039.000000,690.524696,2
rtt,94,106,YLSNVDGSPVITL,,,11.000000,1377.726000,Rtt,10.000000,O25156GUT,2,7.778790,178385.000000,690.526327,3
rtt,94,106,YLSNVDGSPVITL,,,11.000000,1377.726000,Rtt,30.000002,O25170GUT,2,7.774952,166472.000000,690.538543,1
rtt,94,106,YLSNVDGSPVITL,,,11.000000,1377.726000,Rtt,30.000002,O25172GUT,2,7.780323,160777.000000,690.529329,2
rtt,94,106,YLSNVDGSPVITL,,,11.000000,1377.726000,Rtt,30.000002,O25174GUT,2,7.782692,165800.000000,690.542480,3
rtt,94,106,YLSNVDGSPVITL,,,11.000000,1377.726000,Rtt,60.000004,O25188GUT,2,7.783034,122297.000000,690.541741,1
rtt,94,106,YLSNVDGSPVITL,,,11.000000,1377.726000,Rtt,60.000004,O25190GUT,2,7.780296,122296.000000,690.549860,2
rtt,94,106,YLSNVDGSPVITL,,,11.000000,1377.726000,Rtt,60.000004,O25192GUT,2,7.779770,113625.000000,690.554790,3
rtt,94,106,YLSNVDGSPVITL,,,11.000000,1377.726000,Rtt_Bcd,0.000000,O25104GUT,2,7.766944,938702.000000,689.762743,1
rtt,94,106,YLSNVDGSPVITL,,,11.000000,1377.726000,Rtt_Bcd,0.000000,O25106GUT,2,7.769083,921985.000000,689.766734,2
rtt,94,106,YLSNVDGSPVITL,,,11.000000,1377.726000,Rtt_Bcd,0.000000,O25108GUT,2,7.773409,868569.000000,689.785091,3
rtt,94,106,YLSNVDGSPVITL,,,11.000000,1377.726000,Rtt_Bcd,0.500000,O25122GUT,2,7.776927,504720.000000,690.199091,1
rtt,94,106,YLSNVDGSPVITL,,,11.000000,1377.726000,Rtt_Bcd,0.500000,O25124GUT,2,7.776848,521240.000000,690.207771,2
rtt,94,106,YLSNVDGSPVITL,,,11.000000,1377.726000,Rtt_Bcd,0.500000,O25126GUT,2,7.773640,466742.000000,690.211836,3
rtt,94,106,YLSNVDGSPVITL,,,11.000000,1377.726000,Rtt_Bcd,2.000000,O25140GUT,2,7.782888,592438.000000,690.315071,1
rtt,94,106,YLSNVDGSPVITL,,,11.000000,1377.726000,Rtt_Bcd,2.000000,O25142GUT,2,7.777194,457424.000000,690.254275,2
rtt,94,106,YLSNVDGSPVITL,,,11.000000,1377.726000,Rtt_Bcd,2.000000,O25144GUT,2,7.781820,506354.000000,690.268989,3
rtt,94,106,YLSNVDGSPVITL,,,11.000000,1377.726000,Rtt_Bcd,10.000000,O25158GUT,2,7.777778,528077.000000,690.375745,1
rtt,94,106,YLSNVDGSPVITL,,,11.000000,1377.726000,Rtt_Bcd,10.000000,O25160GUT,2,7.775242,582053.000000,690.360840,2
rtt,94,106,YLSNVDGSPVITL,,,11.000000,1377.726000,Rtt_Bcd,10.000000,O25162GUT,2,7.779459,588490.000000,690.375505,3
rtt,94,106,YLSNVDGSPVITL,,,11.000000,1377.726000,Rtt_Bcd,30.000002,O25176GUT,2,7.776442,564683.000000,690.406094,1
rtt,94,106,YLSNVDGSPVITL,,,11.000000,1377.726000,Rtt_Bcd,30.000002,O25178GUT,2,7.782903,477348.000000,690.394963,2
rtt,94,106,YLSNVDGSPVITL,,,11.000000,1377.726000,Rtt_Bcd,30.000002,O25180GUT,2,7.781766,483024.000000,690.392732,3
rtt,94,106,YLSNVDGSPVITL,,,11.000000,1377.726000,Rtt_Bcd,60.000004,O25194GUT,2,7.769910,431409.000000,690.434637,1
rtt,94,106,YLSNVDGSPVITL,,,11.000000,1377.726000,Rtt_Bcd,60.000004,O25196GUT,2,7.777331,395597.000000,690.421881,2
rtt,94,106,YLSNVDGSPVITL,,,11.000000,1377.726000,Rtt_Bcd,60.000004,O25198GUT,2,7.777437,382683.000000,690.407979,3
rtt,114,125,LSIYQLNKNIKM,,,11.000000,1464.824300,Rtt,0.000000,O25098GUT,3,6.797908,739929.000000,489.259019,1
rtt,114,125,LSIYQLNKNIKM,,,11.000000,1464.824300,Rtt,0.000000,O25100GUT,3,6.799867,540311.000000,489.251706,2
rtt,114,125,LSIYQLNKNIKM,,,11.000000,1464.824300,Rtt,0.000000,O25102GUT,3,6.804907,323677.000000,489.261148,3
rtt,114,125,LSIYQLNKNIKM,,,11.000000,1464.824300,Rtt,0.500000,O25116GUT,3,6.805977,98202.000000,489.847338,1
rtt,114,125,LSIYQLNKNIKM,,,11.000000,1464.824300,Rtt,0.500000,O25118GUT,3,6.802829,72267.000000,489.775277,2
rtt,114,125,LSIYQLNKNIKM,,,11.000000,1464.824300,Rtt,0.500000,O25120GUT,3,6.801510,63421.000000,489.819486,3
rtt,114,125,LSIYQLNKNIKM,,,11.000000,1464.824300,Rtt,2.000000,O25134GUT,3,6.803508,56563.000000,490.080404,1
rtt,114,125,LSIYQLNKNIKM,,,11.000000,1464.824300,Rtt,2.000000,O25136GUT,3,6.810225,54708.000000,490.012002,2
rtt,114,125,LSIYQLNKNIKM,,,11.000000,1464.824300,Rtt,2.000000,O25138GUT,3,6.804247,52754.000000,490.080631,3
rtt,114,125,LSIYQLNKNIKM,,,11.000000,1464.824300,Rtt,10.000000,O25152GUT,3,6.812046,60163.000000,490.366425,1
rtt,114,125,LSIYQLNKNIKM,,,11.000000,1464.824300,Rtt,10.000000,O25154GUT,3,6.802104,64641.000000,490.372166,2
rtt,114,125,LSIYQLNKNIKM,,,11.000000,1464.824300,Rtt,10.000000,O25156GUT,3,6.801382,66095.000000,490.361076,3
rtt,114,125,LSIYQLNKNIKM,,,11.000000,1464.824300,Rtt,30.000002,O25170GUT,3,6.806543,52748.000000,490.520642,1
rtt,114,125,LSIYQLNKNIKM,,,11.000000,1464.824300,Rtt,30.000002,O25172GUT,3,6.802520,54001.000000,490.589911,2
rtt,114,125,LSIYQLNKNIKM,,,11.000000,1464.824300,Rtt,30.000002,O25174GUT,3,6.805766,57241.000000,490.601725,3
rtt,114,125,LSIYQLNKNIKM,,,11.000000,1464.824300,Rtt,60.000004,O25188GUT,3,6.812607,39526.000000,490.724812,1
rtt,114,125,LSIYQLNKNIKM,,,11.000000,1464.824300,Rtt,60.000004,O25190GUT,3,6.800131,42145.000000,490.752288,2
rtt,114,125,LSIYQLNKNIKM,,,11.000000,1464.824300,Rtt,60.000004,O25192GUT,3,6.792964,38615.000000,490.713219,3
rtt,114,125,LSIYQLNKNIKM,,,11.000000,1464.824300,Rtt_Bcd,0.000000,O25104GUT,3,6.793447,395155.000000,489.254306,1
rtt,114,125,LSIYQLNKNIKM,,,11.000000,1464.824300,Rtt_Bcd,0.000000,O25106GUT,3,6.795265,402736.000000,489.243383,2
rtt,114,125,LSIYQLNKNIKM,,,11.000000,1464.824300,Rtt_Bcd,0.000000,O25108GUT,3,6.797763,365962.000000,489.253316,3
rtt,114,125,LSIYQLNKNIKM,,,11.000000,1464.824300,Rtt_Bcd,0.500000,O25122GUT,3,6.801331,163814.000000,489.834027,1
rtt,114,125,LSIYQLNKNIKM,,,11.000000,1464.824300,Rtt_Bcd,0.500000,O25124GUT,3,6.801642,180329.000000,489.843268,2
rtt,114,125,LSIYQLNKNIKM,,,11.000000,1464.824300,Rtt_Bcd,0.500000,O25126GUT,3,6.798355,163496.000000,489.846684,3
rtt,114,125,LSIYQLNKNIKM,,,11.000000,1464.824300,Rtt_Bcd,2.000000,O25140GUT,3,6.802974,196333.000000,490.144108,1
rtt,114,125,LSIYQLNKNIKM,,,11.000000,1464.824300,Rtt_Bcd,2.000000,O25142GUT,3,6.799244,163895.000000,490.124169,2
rtt,114,125,LSIYQLNKNIKM,,,11.000000,1464.824300,Rtt_Bcd,2.000000,O25144GUT,3,6.801049,170149.000000,490.147260,3
rtt,114,125,LSIYQLNKNIKM,,,11.000000,1464.824300,Rtt_Bcd,10.000000,O25158GUT,3,6.799169,178548.000000,490.451723,1
rtt,114,125,LSIYQLNKNIKM,,,11.000000,1464.824300,Rtt_Bcd,10.000000,O25160GUT,3,6.797930,195095.000000,490.437707,2
rtt,114,125,LSIYQLNKNIKM,,,11.000000,1464.824300,Rtt_Bcd,10.000000,O25162GUT,3,6.798808,195958.000000,490.434409,3
rtt,114,125,LSIYQLNKNIKM,,,11.000000,1464.824300,Rtt_Bcd,30.000002,O25176GUT,3,6.795179,184369.000000,490.552699,1
rtt,114,125,LSIYQLNKNIKM,,,11.000000,1464.824300,Rtt_Bcd,30.000002,O25178GUT,3,6.803222,160001.000000,490.555034,2
rtt,114,125,LSIYQLNKNIKM,,,11.000000,1464.824300,Rtt_Bcd,30.000002,O25180GUT,3,6.803617,163033.000000,490.553649,3
rtt,114,125,LSIYQLNKNIKM,,,11.000000,1464.824300,Rtt_Bcd,60.000004,O25194GUT,3,6.792747,148091.000000,490.680203,1
rtt,114,125,LSIYQLNKNIKM,,,11.000000,1464.824300,Rtt_Bcd,60.000004,O25196GUT,3,6.795888,134722.000000,490.689203,2
rtt,114,125,LSIYQLNKNIKM,,,11.000000,1464.824300,Rtt_Bcd,60.000004,O25198GUT,3,6.795657,132110.000000,490.671380,3
rtt,126,137,ASFLPVPEKPNL,,,8.000000,1311.730700,Rtt,0.000000,O25098GUT,2,6.993329,7725784.000000,656.726807,1
rtt,126,137,ASFLPVPEKPNL,,,8.000000,1311.730700,Rtt,0.000000,O25100GUT,2,6.997594,5469796.000000,656.727191,2
rtt,126,137,ASFLPVPEKPNL,,,8.000000,1311.730700,Rtt,0.000000,O25102GUT,2,7.002783,3334568.000000,656.718328,3
rtt,126,137,ASFLPVPEKPNL,,,8.000000,1311.730700,Rtt,0.500000,O25116GUT,2,7.003530,896983.000000,657.286810,1
rtt,126,137,ASFLPVPEKPNL,,,8.000000,1311.730700,Rtt,0.500000,O25118GUT,2,7.003136,645107.000000,657.288249,2
rtt,126,137,ASFLPVPEKPNL,,,8.000000,1311.730700,Rtt,0.500000,O25120GUT,2,7.003551,589000.000000,657.276585,3
rtt,126,137,ASFLPVPEKPNL,,,8.000000,1311.730700,Rtt,2.000000,O25134GUT,2,7.008150,524751.000000,657.270095,1
rtt,126,137,ASFLPVPEKPNL,,,8.000000,1311.730700,Rtt,2.000000,O25136GUT,2,7.003484,562198.000000,657.260207,2
rtt,126,137,ASFLPVPEKPNL,,,8.000000,1311.730700,Rtt,2.000000,O25138GUT,2,7.006170,498853.000000,657.251640,3
rtt,126,137,ASFLPVPEKPNL,,,8.000000,1311.730700,Rtt,10.000000,O25152GUT,2,7.012572,570626.000000,657.242676,1
rtt,126,137,ASFLPVPEKPNL,,,8.000000,1311.730700,Rtt,10.000000,O25154GUT,2,7.006688,587157.000000,657.236932,2
rtt,126,137,ASFLPVPEKPNL,,,8.000000,1311.730700,Rtt,10.000000,O25156GUT,2,7.004205,572903.000000,657.233391,3
rtt,126,137,ASFLPVPEKPNL,,,8.000000,1311.730700,Rtt,30.000002,O25170GUT,2,7.004013,555144.000000,657.296953,1
rtt,126,137,ASFLPVPEKPNL,,,8.000000,1311.730700,Rtt,30.000002,O25172GUT,2,7.004019,541299.000000,657.257044,2
rtt,126,137,ASFLPVPEKPNL,,,8.000000,1311.730700,Rtt,30.000002,O25174GUT,2,7.009320,541333.000000,657.260874,3
rtt,126,137,ASFLPVPEKPNL,,,8.000000,1311.730700,Rtt,60.000004,O25188GUT,2,7.011003,419974.000000,657.307810,1
rtt,126,137,ASFLPVPEKPNL,,,8.000000,1311.730700,Rtt,60.000004,O25190GUT,2,7.006180,404980.000000,657.327736,2
rtt,126,137,ASFLPVPEKPNL,,,8.000000,1311.730700,Rtt,60.000004,O25192GUT,2,7.007472,384145.000000,657.350593,3
rtt,126,137,ASFLPVPEKPNL,,,8.000000,1311.730700,Rtt_Bcd,0.000000,O25104GUT,2,6.988872,4118962.000000,656.724467,1
rtt,126,137,ASFLPVPEKPNL,,,8.000000,1311.730700,Rtt_Bcd,0.000000,O25106GUT,2,6.990682,4001294.000000,656.719820,2
rtt,126,137,ASFLPVPEKPNL,,,8.000000,1311.730700,Rtt_Bcd,0.000000,O25108GUT,2,6.995842,3794331.000000,656.723311,3
rtt,126,137,ASFLPVPEKPNL,,,8.000000,1311.730700,Rtt_Bcd,0.500000,O25122GUT,2,7.000334,1613827.000000,657.159163,1
rtt,126,137,ASFLPVPEKPNL,,,8.000000,1311.730700,Rtt_Bcd,0.500000,O25124GUT,2,6.999892,1724281.000000,657.144193,2
rtt,126,137,ASFLPVPEKPNL,,,8.000000,1311.730700,Rtt_Bcd,0.500000,O25126GUT,2,6.998261,1540897.000000,657.132691,3
rtt,126,137,ASFLPVPEKPNL,,,8.000000,1311.730700,Rtt_Bcd,2.000000,O25140GUT,2,7.004198,1944525.000000,657.122642,1
rtt,126,137,ASFLPVPEKPNL,,,8.000000,1311.730700,Rtt_Bcd,2.000000,O25142GUT,2,7.000849,1522879.000000,657.130601,2
rtt,126,137,ASFLPVPEKPNL,,,8.000000,1311.730700,Rtt_Bcd,2.000000,O25144GUT,2,7.003551,1696617.000000,657.125033,3
rtt,126,137,ASFLPVPEKPNL,,,8.000000,1311.730700,Rtt_Bcd,10.000000,O25158GUT,2,7.000944,1771130.000000,657.168165,1
rtt,126,137,ASFLPVPEKPNL,,,8.000000,1311.730700,Rtt_Bcd,10.000000,O25160GUT,2,6.997586,1984964.000000,657.134509,2
rtt,126,137,ASFLPVPEKPNL,,,8.000000,1311.730700,Rtt_Bcd,10.000000,O25162GUT,2,7.000253,2049945.000000,657.132418,3
rtt,126,137,ASFLPVPEKPNL,,,8.000000,1311.730700,Rtt_Bcd,30.000002,O25176GUT,2,6.998701,2082152.000000,657.161367,1
rtt,126,137,ASFLPVPEKPNL,,,8.000000,1311.730700,Rtt_Bcd,30.000002,O25178GUT,2,7.006048,1795151.000000,657.174633,2
rtt,126,137,ASFLPVPEKPNL,,,8.000000,1311.730700,Rtt_Bcd,30.000002,O25180GUT,2,7.003870,1819642.000000,657.183717,3
rtt,126,137,ASFLPVPEKPNL,,,8.000000,1311.730700,Rtt_Bcd,60.000004,O25194GUT,2,6.994092,1623418.000000,657.203959,1
rtt,126,137,ASFLPVPEKPNL,,,8.000000,1311.730700,Rtt_Bcd,60.000004,O25196GUT,2,6.998667,1382982.000000,657.229150,2
rtt,126,137,ASFLPVPEKPNL,,,8.000000,1311.730700,Rtt_Bcd,60.000004,O25198GUT,2,6.997101,1381386.000000,657.233554,3
rtt,129,137,LPVPEKPNL,,,5.000000,1006.593200,Rtt,0.000000,O25098GUT,2,6.087956,2793785.000000,504.064929,1
rtt,129,137,LPVPEKPNL,,,5.000000,1006.593200,Rtt,0.000000,O25100GUT,2,6.090252,1895999.000000,504.074173,2
rtt,129,137,LPVPEKPNL,,,5.000000,1006.593200,Rtt,0.000000,O25102GUT,2,6.093494,1098945.000000,504.081438,3
rtt,129,137,LPVPEKPNL,,,5.000000,1006.593200,Rtt,0.500000,O25116GUT,2,6.096301,266795.000000,504.710927,1
rtt,129,137,LPVPEKPNL,,,5.000000,1006.593200,Rtt,0.500000,O25118GUT,2,6.093882,191189.000000,504.685213,2
rtt,129,137,LPVPEKPNL,,,5.000000,1006.593200,Rtt,0.500000,O25120GUT,2,6.095697,178334.000000,504.685547,3
rtt,129,137,LPVPEKPNL,,,5.000000,1006.593200,Rtt,2.000000,O25134GUT,2,6.099200,162996.000000,504.695380,1
rtt,129,137,LPVPEKPNL,,,5.000000,1006.593200,Rtt,2.000000,O25136GUT,2,6.097874,176427.000000,504.696055,2
rtt,129,137,LPVPEKPNL,,,5.000000,1006.593200,Rtt,2.000000,O25138GUT,2,6.096530,159731.000000,504.684440,3
rtt,129,137,LPVPEKPNL,,,5.000000,1006.593200,Rtt,10.000000,O25152GUT,2,6.102507,178723.000000,504.678786,1
rtt,129,137,LPVPEKPNL,,,5.000000,1006.593200,Rtt,10.000000,O25154GUT,2,6.096194,178921.000000,504.688354,2
rtt,129,137,LPVPEKPNL,,,5.000000,1006.593200,Rtt,10.000000,O25156GUT,2,6.096867,179470.000000,504.667915,3
rtt,129,137,LPVPEKPNL,,,5.000000,1006.593200,Rtt,30.000002,O25170GUT,2,6.097150,173729.000000,504.759602,1
rtt,129,137,LPVPEKPNL,,,5.000000,1006.593200,Rtt,30.000002,O25172GUT,2,6.095741,174943.000000,504.801041,2
rtt,129,137,LPVPEKPNL,,,5.000000,1006.593200,Rtt,30.000002,O25174GUT,2,6.098281,177279.000000,504.761538,3
rtt,129,137,LPVPEKPNL,,,5.000000,1006.593200,Rtt,60.000004,O25188GUT,2,6.101540,127394.000000,504.849888,1
rtt,129,137,LPVPEKPNL,,,5.000000,1006.593200,Rtt,60.000004,O25190GUT,2,6.094750,133629.000000,504.866032,2
rtt,129,137,LPVPEKPNL,,,5.000000,1006.593200,Rtt,60.000004,O25192GUT,2,6.096221,121716.000000,504.828738,3
rtt,129,137,LPVPEKPNL,,,5.000000,1006.593200,Rtt_Bcd,0.000000,O25104GUT,2,6.068047,1088610.000000,504.078441,1
rtt,129,137,LPVPEKPNL,,,5.000000,1006.593200,Rtt_Bcd,0.000000,O25106GUT,2,6.070355,1099536.000000,504.080581,2
rtt,129,137,LPVPEKPNL,,,5.000000,1006.593200,Rtt_Bcd,0.000000,O25108GUT,2,6.073107,998921.000000,504.078573,3
rtt,129,137,LPVPEKPNL,,,5.000000,1006.593200,Rtt_Bcd,0.500000,O25122GUT,2,6.081866,437318.000000,504.583107,1
rtt,129,137,LPVPEKPNL,,,5.000000,1006.593200,Rtt_Bcd,0.500000,O25124GUT,2,6.080361,479412.000000,504.584019,2
rtt,129,137,LPVPEKPNL,,,5.000000,1006.593200,Rtt_Bcd,0.500000,O25126GUT,2,6.079816,443649.000000,504.571846,3
rtt,129,137,LPVPEKPNL,,,5.000000,1006.593200,Rtt_Bcd,2.000000,O25140GUT,2,6.078295,566179.000000,504.584426,1
rtt,129,137,LPVPEKPNL,,,5.000000,1006.593200,Rtt_Bcd,2.000000,O25142GUT,2,6.083479,440517.000000,504.587093,2
rtt,129,137,LPVPEKPNL,,,5.000000,1006.593200,Rtt_Bcd,2.000000,O25144GUT,2,6.077114,480482.000000,504.574466,3
rtt,129,137,LPVPEKPNL,,,5.000000,1006.593200,Rtt_Bcd,10.000000,O25158GUT,2,6.082549,490068.000000,504.585674,1
rtt,129,137,LPVPEKPNL,,,5.000000,1006.593200,Rtt_Bcd,10.000000,O25160GUT,2,6.079076,547323.000000,504.600069,2
rtt,129,137,LPVPEKPNL,,,5.000000,1006.593200,Rtt_Bcd,10.000000,O25162GUT,2,6.082429,571456.000000,504.607967,3
rtt,129,137,LPVPEKPNL,,,5.000000,1006.593200,Rtt_Bcd,30.000002,O25176GUT,2,6.080832,606657.000000,504.659913,1
rtt,129,137,LPVPEKPNL,,,5.000000,1006.593200,Rtt_Bcd,30.000002,O25178GUT,2,6.089500,519590.000000,504.653812,2
rtt,129,137,LPVPEKPNL,,,5.000000,1006.593200,Rtt_Bcd,30.000002,O25180GUT,2,6.086987,532762.000000,504.648077,3
rtt,129,137,LPVPEKPNL,,,5.000000,1006.593200,Rtt_Bcd,60.000004,O25194GUT,2,6.078194,455892.000000,504.718891,1
rtt,129,137,LPVPEKPNL,,,5.000000,1006.593200,Rtt_Bcd,60.000004,O25196GUT,2,6.073433,388960.000000,504.731939,2
rtt,129,137,LPVPEKPNL,,,5.000000,1006.593200,Rtt_Bcd,60.000004,O25198GUT,2,6.073163,374115.000000,504.729000,3
rtt,148,158,EDNKFSEPVVM,,,9.000000,1294.598400,Rtt,0.000000,O25098GUT,2,6.622922,2269104.000000,648.191936,1
rtt,148,158,EDNKFSEPVVM,,,9.000000,1294.598400,Rtt,0.000000,O25100GUT,2,6.628666,1638788.000000,648.194434,2
rtt,148,158,EDNKFSEPVVM,,,9.000000,1294.598400,Rtt,0.000000,O25102GUT,2,6.634037,1059236.000000,648.185245,3
rtt,148,158,EDNKFSEPVVM,,,9.000000,1294.598400,Rtt,0.500000,O25116GUT,2,6.638208,323906.000000,648.967807,1
rtt,148,158,EDNKFSEPVVM,,,9.000000,1294.598400,Rtt,0.500000,O25118GUT,2,6.636481,233647.000000,648.954413,2
rtt,148,158,EDNKFSEPVVM,,,9.000000,1294.598400,Rtt,0.500000,O25120GUT,2,6.633745,209211.000000,648.961327,3
rtt,148,158,EDNKFSEPVVM,,,9.000000,1294.598400,Rtt,2.000000,O25134GUT,2,6.639907,190346.000000,648.893522,1
rtt,148,158,EDNKFSEPVVM,,,9.000000,1294.598400,Rtt,2.000000,O25136GUT,2,6.639180,217822.000000,648.902091,2
rtt,148,158,EDNKFSEPVVM,,,9.000000,1294.598400,Rtt,2.000000,O25138GUT,2,6.636312,179806.000000,648.880557,3
rtt,148,158,EDNKFSEPVVM,,,9.000000,1294.598400,Rtt,10.000000,O25152GUT,2,6.645729,205113.000000,648.857058,1
rtt,148,158,EDNKFSEPVVM,,,9.000000,1294.598400,Rtt,10.000000,O25154GUT,2,6.635074,199418.000000,648.847139,2
rtt,148,158,EDNKFSEPVVM,,,9.000000,1294.598400,Rtt,10.000000,O25156GUT,2,6.637736,205987.000000,648.857976,3
rtt,148,158,EDNKFSEPVVM,,,9.000000,1294.598400,Rtt,30.000002,O25170GUT,2,6.637071,206547.000000,648.863637,1
rtt,148,158,EDNKFSEPVVM,,,9.000000,1294.598400,Rtt,30.000002,O25172GUT,2,6.637913,196540.000000,648.862414,2
rtt,148,158,EDNKFSEPVVM,,,9.000000,1294.598400,Rtt,30.000002,O25174GUT,2,6.639113,190225.000000,648.851506,3
rtt,148,158,EDNKFSEPVVM,,,9.000000,1294.598400,Rtt,60.000004,O25188GUT,2,6.640559,137385.000000,648.864738,1
rtt,148,158,EDNKFSEPVVM,,,9.000000,1294.598400,Rtt,60.000004,O25190GUT,2,6.639343,148318.000000,648.879030,2
rtt,148,158,EDNKFSEPVVM,,,9.000000,1294.598400,Rtt,60.000004,O25192GUT,2,6.640593,135674.000000,648.913413,3
rtt,148,158,EDNKFSEPVVM,,,9.000000,1294.598400,Rtt_Bcd,0.000000,O25104GUT,2,6.605161,879578.000000,648.243990,1
rtt,148,158,EDNKFSEPVVM,,,9.000000,1294.598400,Rtt_Bcd,0.000000,O25106GUT,2,6.607699,896177.000000,648.264916,2
rtt,148,158,EDNKFSEPVVM,,,9.000000,1294.598400,Rtt_Bcd,0.000000,O25108GUT,2,6.611374,809066.000000,648.277036,3
rtt,148,158,EDNKFSEPVVM,,,9.000000,1294.598400,Rtt_Bcd,0.500000,O25122GUT,2,6.625171,443542.000000,648.921068,1
rtt,148,158,EDNKFSEPVVM,,,9.000000,1294.598400,Rtt_Bcd,0.500000,O25124GUT,2,6.621733,455157.000000,648.838955,2
rtt,148,158,EDNKFSEPVVM,,,9.000000,1294.598400,Rtt_Bcd,0.500000,O25126GUT,2,6.619664,422303.000000,648.855856,3
rtt,148,158,EDNKFSEPVVM,,,9.000000,1294.598400,Rtt_Bcd,2.000000,O25140GUT,2,6.615251,466780.000000,648.687718,1
rtt,148,158,EDNKFSEPVVM,,,9.000000,1294.598400,Rtt_Bcd,2.000000,O25142GUT,2,6.624388,409616.000000,648.759128,2
rtt,148,158,EDNKFSEPVVM,,,9.000000,1294.598400,Rtt_Bcd,2.000000,O25144GUT,2,6.616638,423876.000000,648.787324,3
rtt,148,158,EDNKFSEPVVM,,,9.000000,1294.598400,Rtt_Bcd,10.000000,O25158GUT,2,6.622459,453636.000000,648.782194,1
rtt,148,158,EDNKFSEPVVM,,,9.000000,1294.598400,Rtt_Bcd,10.000000,O25160GUT,2,6.613778,511468.000000,648.753284,2
rtt,148,158,EDNKFSEPVVM,,,9.000000,1294.598400,Rtt_Bcd,10.000000,O25162GUT,2,6.616096,507099.000000,648.745648,3
rtt,148,158,EDNKFSEPVVM,,,9.000000,1294.598400,Rtt_Bcd,30.000002,O25176GUT,2,6.617805,498744.000000,648.817275,1
rtt,148,158,EDNKFSEPVVM,,,9.000000,1294.598400,Rtt_Bcd,30.000002,O25178GUT,2,6.627141,433065.000000,648.774547,2
rtt,148,158,EDNKFSEPVVM,,,9.000000,1294.598400,Rtt_Bcd,30.000002,O25180GUT,2,6.624876,426062.000000,648.725376,3
rtt,148,158,EDNKFSEPVVM,,,9.000000,1294.598400,Rtt_Bcd,60.000004,O25194GUT,2,6.615904,386626.000000,648.789437,1
rtt,148,158,EDNKFSEPVVM,,,9.000000,1294.598400,Rtt_Bcd,60.000004,O25196GUT,2,6.611907,354385.000000,648.754701,2
rtt,148,158,EDNKFSEPVVM,,,9.000000,1294.598400,Rtt_Bcd,60.000004,O25198GUT,2,6.611572,375771.000000,648.909778,3
rtt,159,174,TLNKENTLNQFKNLGL,,,15.000000,1847.002100,Rtt,0.000000,O25098GUT,3,7.109961,2565946.000000,616.679066,1
rtt,159,174,TLNKENTLNQFKNLGL,,,15.000000,1847.002100,Rtt,0.000000,O25100GUT,3,7.113151,1845429.000000,616.683245,2
rtt,159,174,TLNKENTLNQFKNLGL,,,15.000000,1847.002100,Rtt,0.000000,O25102GUT,3,7.119404,1143885.000000,616.693287,3
rtt,159,174,TLNKENTLNQFKNLGL,,,15.000000,1847.002100,Rtt,0.500000,O25116GUT,3,7.117551,346134.000000,616.959853,1
rtt,159,174,TLNKENTLNQFKNLGL,,,15.000000,1847.002100,Rtt,0.500000,O25118GUT,3,7.116611,260185.000000,616.983718,2
rtt,159,174,TLNKENTLNQFKNLGL,,,15.000000,1847.002100,Rtt,0.500000,O25120GUT,3,7.120005,225814.000000,616.953719,3
rtt,159,174,TLNKENTLNQFKNLGL,,,15.000000,1847.002100,Rtt,2.000000,O25134GUT,3,7.118230,214302.000000,617.119758,1
rtt,159,174,TLNKENTLNQFKNLGL,,,15.000000,1847.002100,Rtt,2.000000,O25136GUT,3,7.122673,233075.000000,617.116564,2
rtt,159,174,TLNKENTLNQFKNLGL,,,15.000000,1847.002100,Rtt,2.000000,O25138GUT,3,7.120598,200656.000000,617.130017,3
rtt,159,174,TLNKENTLNQFKNLGL,,,15.000000,1847.002100,Rtt,10.000000,O25152GUT,3,7.123721,237793.000000,617.480577,1
rtt,159,174,TLNKENTLNQFKNLGL,,,15.000000,1847.002100,Rtt,10.000000,O25154GUT,3,7.117348,240866.000000,617.479560,2
rtt,159,174,TLNKENTLNQFKNLGL,,,15.000000,1847.002100,Rtt,10.000000,O25156GUT,3,7.114237,236899.000000,617.451092,3
rtt,159,174,TLNKENTLNQFKNLGL,,,15.000000,1847.002100,Rtt,30.000002,O25170GUT,3,7.114570,228025.000000,617.841982,1
rtt,159,174,TLNKENTLNQFKNLGL,,,15.000000,1847.002100,Rtt,30.000002,O25172GUT,3,7.114093,230589.000000,617.810356,2
rtt,159,174,TLNKENTLNQFKNLGL,,,15.000000,1847.002100,Rtt,30.000002,O25174GUT,3,7.114644,220308.000000,617.857138,3
rtt,159,174,TLNKENTLNQFKNLGL,,,15.000000,1847.002100,Rtt,60.000004,O25188GUT,3,7.121307,170711.000000,618.123621,1
rtt,159,174,TLNKENTLNQFKNLGL,,,15.000000,1847.002100,Rtt,60.000004,O25190GUT,3,7.114339,167455.000000,618.131900,2
rtt,159,174,TLNKENTLNQFKNLGL,,,15.000000,1847.002100,Rtt,60.000004,O25192GUT,3,7.111782,150461.000000,618.164336,3
rtt,159,174,TLNKENTLNQFKNLGL,,,15.000000,1847.002100,Rtt_Bcd,0.000000,O25104GUT,3,7.100224,1133177.000000,616.695704,1
rtt,159,174,TLNKENTLNQFKNLGL,,,15.000000,1847.002100,Rtt_Bcd,0.000000,O25106GUT,3,7.102762,1094891.000000,616.699351,2
rtt,159,174,TLNKENTLNQFKNLGL,,,15.000000,1847.002100,Rtt_Bcd,0.000000,O25108GUT,3,7.106368,1027645.000000,616.702720,3
rtt,159,174,TLNKENTLNQFKNLGL,,,15.000000,1847.002100,Rtt_Bcd,0.500000,O25122GUT,3,7.110895,529743.000000,616.917527,1
rtt,159,174,TLNKENTLNQFKNLGL,,,15.000000,1847.002100,Rtt_Bcd,0.500000,O25124GUT,3,7.110714,543522.000000,616.930378,2
rtt,159,174,TLNKENTLNQFKNLGL,,,15.000000,1847.002100,Rtt_Bcd,0.500000,O25126GUT,3,7.111328,504844.000000,616.881525,3
rtt,159,174,TLNKENTLNQFKNLGL,,,15.000000,1847.002100,Rtt_Bcd,2.000000,O25140GUT,3,7.116390,615580.000000,616.994474,1
rtt,159,174,TLNKENTLNQFKNLGL,,,15.000000,1847.002100,Rtt_Bcd,2.000000,O25142GUT,3,7.112738,512932.000000,616.985718,2
rtt,159,174,TLNKENTLNQFKNLGL,,,15.000000,1847.002100,Rtt_Bcd,2.000000,O25144GUT,3,7.116072,537528.000000,616.955497,3
rtt,159,174,TLNKENTLNQFKNLGL,,,15.000000,1847.002100,Rtt_Bcd,10.000000,O25158GUT,3,7.110445,596050.000000,617.151996,1
rtt,159,174,TLNKENTLNQFKNLGL,,,15.000000,1847.002100,Rtt_Bcd,10.000000,O25160GUT,3,7.108042,657053.000000,617.157947,2
rtt,159,174,TLNKENTLNQFKNLGL,,,15.000000,1847.002100,Rtt_Bcd,10.000000,O25162GUT,3,7.110613,657125.000000,617.171236,3
rtt,159,174,TLNKENTLNQFKNLGL,,,15.000000,1847.002100,Rtt_Bcd,30.000002,O25176GUT,3,7.107370,650304.000000,617.428194,1
rtt,159,174,TLNKENTLNQFKNLGL,,,15.000000,1847.002100,Rtt_Bcd,30.000002,O25178GUT,3,7.114693,564959.000000,617.444295,2
rtt,159,174,TLNKENTLNQFKNLGL,,,15.000000,1847.002100,Rtt_Bcd,30.000002,O25180GUT,3,7.113102,567688.000000,617.442440,3
rtt,159,174,TLNKENTLNQFKNLGL,,,15.000000,1847.002100,Rtt_Bcd,60.000004,O25194GUT,3,7.103840,508010.000000,617.594436,1
rtt,159,174,TLNKENTLNQFKNLGL,,,15.000000,1847.002100,Rtt_Bcd,60.000004,O25196GUT,3,7.109881,447731.000000,617.561463,2
rtt,159,174,TLNKENTLNQFKNLGL,,,15.000000,1847.002100,Rtt_Bcd,60.000004,O25198GUT,3,7.108543,444643.000000,617.579998,3
rtt,159,175,TLNKENTLNQFKNLGLL,,,16.000000,1960.086200,Rtt,0.000000,O25098GUT,3,7.433053,1693910.000000,654.409395,1
rtt,159,175,TLNKENTLNQFKNLGLL,,,16.000000,1960.086200,Rtt,0.000000,O25100GUT,3,7.435693,1254996.000000,654.407957,2
rtt,159,175,TLNKENTLNQFKNLGLL,,,16.000000,1960.086200,Rtt,0.000000,O25102GUT,3,7.439939,728124.000000,654.425251,3
rtt,159,175,TLNKENTLNQFKNLGLL,,,16.000000,1960.086200,Rtt,0.500000,O25116GUT,3,7.438570,247848.000000,654.700176,1
rtt,159,175,TLNKENTLNQFKNLGLL,,,16.000000,1960.086200,Rtt,0.500000,O25118GUT,3,7.435637,183301.000000,654.640410,2
rtt,159,175,TLNKENTLNQFKNLGLL,,,16.000000,1960.086200,Rtt,0.500000,O25120GUT,3,7.437490,158848.000000,654.666726,3
rtt,159,175,TLNKENTLNQFKNLGLL,,,16.000000,1960.086200,Rtt,2.000000,O25134GUT,3,7.439332,152817.000000,654.861814,1
rtt,159,175,TLNKENTLNQFKNLGLL,,,16.000000,1960.086200,Rtt,2.000000,O25136GUT,3,7.438027,165962.000000,654.894661,2
rtt,159,175,TLNKENTLNQFKNLGLL,,,16.000000,1960.086200,Rtt,2.000000,O25138GUT,3,7.440817,144236.000000,654.864475,3
rtt,159,175,TLNKENTLNQFKNLGLL,,,16.000000,1960.086200,Rtt,10.000000,O25152GUT,3,7.450235,158695.000000,655.365641,1
rtt,159,175,TLNKENTLNQFKNLGLL,,,16.000000,1960.086200,Rtt,10.000000,O25154GUT,3,7.438473,161246.000000,655.331855,2
rtt,159,175,TLNKENTLNQFKNLGLL,,,16.000000,1960.086200,Rtt,10.000000,O25156GUT,3,7.438424,162723.000000,655.327048,3
rtt,159,175,TLNKENTLNQFKNLGLL,,,16.000000,1960.086200,Rtt,30.000002,O25170GUT,3,7.437117,149285.000000,655.773430,1
rtt,159,175,TLNKENTLNQFKNLGLL,,,16.000000,1960.086200,Rtt,30.000002,O25172GUT,3,7.436557,157608.000000,655.767575,2
rtt,159,175,TLNKENTLNQFKNLGLL,,,16.000000,1960.086200,Rtt,30.000002,O25174GUT,3,7.436939,148576.000000,655.779878,3
rtt,159,175,TLNKENTLNQFKNLGLL,,,16.000000,1960.086200,Rtt,60.000004,O25188GUT,3,7.438573,115862.000000,656.053794,1
rtt,159,175,TLNKENTLNQFKNLGLL,,,16.000000,1960.086200,Rtt,60.000004,O25190GUT,3,7.436105,118657.000000,656.051099,2
rtt,159,175,TLNKENTLNQFKNLGLL,,,16.000000,1960.086200,Rtt,60.000004,O25192GUT,3,7.432788,98284.000000,656.042941,3
rtt,159,175,TLNKENTLNQFKNLGLL,,,16.000000,1960.086200,Rtt_Bcd,0.000000,O25104GUT,3,7.431119,946561.000000,654.448949,1
rtt,159,175,TLNKENTLNQFKNLGLL,,,16.000000,1960.086200,Rtt_Bcd,0.000000,O25106GUT,3,7.433057,930776.000000,654.452403,2
rtt,159,175,TLNKENTLNQFKNLGLL,,,16.000000,1960.086200,Rtt_Bcd,0.000000,O25108GUT,3,7.438170,875120.000000,654.447472,3
rtt,159,175,TLNKENTLNQFKNLGLL,,,16.000000,1960.086200,Rtt_Bcd,0.500000,O25122GUT,3,7.441104,452525.000000,654.679931,1
rtt,159,175,TLNKENTLNQFKNLGLL,,,16.000000,1960.086200,Rtt_Bcd,0.500000,O25124GUT,3,7.440557,469837.000000,654.674462,2
rtt,159,175,TLNKENTLNQFKNLGLL,,,16.000000,1960.086200,Rtt_Bcd,0.500000,O25126GUT,3,7.437267,430840.000000,654.661983,3
rtt,159,175,TLNKENTLNQFKNLGLL,,,16.000000,1960.086200,Rtt_Bcd,2.000000,O25140GUT,3,7.448669,533099.000000,654.754847,1
rtt,159,175,TLNKENTLNQFKNLGLL,,,16.000000,1960.086200,Rtt_Bcd,2.000000,O25142GUT,3,7.441898,410484.000000,654.737245,2
rtt,159,175,TLNKENTLNQFKNLGLL,,,16.000000,1960.086200,Rtt_Bcd,2.000000,O25144GUT,3,7.445509,453751.000000,654.731371,3
rtt,159,175,TLNKENTLNQFKNLGLL,,,16.000000,1960.086200,Rtt_Bcd,10.000000,O25158GUT,3,7.441080,495526.000000,654.944807,1
rtt,159,175,TLNKENTLNQFKNLGLL,,,16.000000,1960.086200,Rtt_Bcd,10.000000,O25160GUT,3,7.438107,560697.000000,654.966433,2
rtt,159,175,TLNKENTLNQFKNLGLL,,,16.000000,1960.086200,Rtt_Bcd,10.000000,O25162GUT,3,7.439840,553530.000000,654.965799,3
rtt,159,175,TLNKENTLNQFKNLGLL,,,16.000000,1960.086200,Rtt_Bcd,30.000002,O25176GUT,3,7.437297,522757.000000,655.316844,1
rtt,159,175,TLNKENTLNQFKNLGLL,,,16.000000,1960.086200,Rtt_Bcd,30.000002,O25178GUT,3,7.444403,463027.000000,655.318843,2
rtt,159,175,TLNKENTLNQFKNLGLL,,,16.000000,1960.086200,Rtt_Bcd,30.000002,O25180GUT,3,7.443619,452587.000000,655.315415,3
rtt,159,175,TLNKENTLNQFKNLGLL,,,16.000000,1960.086200,Rtt_Bcd,60.000004,O25194GUT,3,7.432632,418973.000000,655.562626,1
rtt,159,175,TLNKENTLNQFKNLGLL,,,16.000000,1960.086200,Rtt_Bcd,60.000004,O25196GUT,3,7.438170,381127.000000,655.506809,2
rtt,159,175,TLNKENTLNQFKNLGLL,,,16.000000,1960.086200,Rtt_Bcd,60.000004,O25198GUT,3,7.438451,378666.000000,655.468195,3
rtt,188,195,YIRKQAIL,,,7.000000,1004.625100,Rtt,0.000000,O25098GUT,2,5.665498,1760966.000000,503.094986,1
rtt,188,195,YIRKQAIL,,,7.000000,1004.625100,Rtt,0.000000,O25100GUT,2,5.669552,1158219.000000,503.101111,2
rtt,188,195,YIRKQAIL,,,7.000000,1004.625100,Rtt,0.000000,O25102GUT,2,5.676424,667609.000000,503.106774,3
rtt,188,195,YIRKQAIL,,,7.000000,1004.625100,Rtt,0.500000,O25116GUT,2,5.685521,217320.000000,503.292755,1
rtt,188,195,YIRKQAIL,,,7.000000,1004.625100,Rtt,0.500000,O25118GUT,2,5.683249,161763.000000,503.325566,2
rtt,188,195,YIRKQAIL,,,7.000000,1004.625100,Rtt,0.500000,O25120GUT,2,5.685659,142433.000000,503.285360,3
rtt,188,195,YIRKQAIL,,,7.000000,1004.625100,Rtt,2.000000,O25134GUT,2,5.688131,128227.000000,503.459669,1
rtt,188,195,YIRKQAIL,,,7.000000,1004.625100,Rtt,2.000000,O25136GUT,2,5.687569,140337.000000,503.476520,2
rtt,188,195,YIRKQAIL,,,7.000000,1004.625100,Rtt,2.000000,O25138GUT,2,5.686882,114622.000000,503.472904,3
rtt,188,195,YIRKQAIL,,,7.000000,1004.625100,Rtt,10.000000,O25152GUT,2,5.690578,131183.000000,503.836944,1
rtt,188,195,YIRKQAIL,,,7.000000,1004.625100,Rtt,10.000000,O25154GUT,2,5.689730,132529.000000,503.829554,2
rtt,188,195,YIRKQAIL,,,7.000000,1004.625100,Rtt,10.000000,O25156GUT,2,5.684382,136081.000000,503.846862,3
rtt,188,195,YIRKQAIL,,,7.000000,1004.625100,Rtt,30.000002,O25170GUT,2,5.683832,135695.000000,504.034069,1
rtt,188,195,YIRKQAIL,,,7.000000,1004.625100,Rtt,30.000002,O25172GUT,2,5.681913,130820.000000,504.048160,2
rtt,188,195,YIRKQAIL,,,7.000000,1004.625100,Rtt,30.000002,O25174GUT,2,5.680436,128885.000000,504.050974,3
rtt,188,195,YIRKQAIL,,,7.000000,1004.625100,Rtt,60.000004,O25188GUT,2,5.689127,105088.000000,504.151995,1
rtt,188,195,YIRKQAIL,,,7.000000,1004.625100,Rtt,60.000004,O25190GUT,2,5.685566,98011.000000,504.127011,2
rtt,188,195,YIRKQAIL,,,7.000000,1004.625100,Rtt,60.000004,O25192GUT,2,5.688511,89961.000000,504.145002,3
rtt,188,195,YIRKQAIL,,,7.000000,1004.625100,Rtt_Bcd,0.000000,O25104GUT,2,5.631011,972767.000000,503.109634,1
rtt,188,195,YIRKQAIL,,,7.000000,1004.625100,Rtt_Bcd,0.000000,O25106GUT,2,5.634445,998557.000000,503.098172,2
rtt,188,195,YIRKQAIL,,,7.000000,1004.625100,Rtt_Bcd,0.000000,O25108GUT,2,5.630594,950892.000000,503.093007,3
rtt,188,195,YIRKQAIL,,,7.000000,1004.625100,Rtt_Bcd,0.500000,O25122GUT,2,5.658054,458968.000000,503.201310,1
rtt,188,195,YIRKQAIL,,,7.000000,1004.625100,Rtt_Bcd,0.500000,O25124GUT,2,5.654811,499555.000000,503.202663,2
rtt,188,195,YIRKQAIL,,,7.000000,1004.625100,Rtt_Bcd,0.500000,O25126GUT,2,5.654757,432130.000000,503.203039,3
rtt,188,195,YIRKQAIL,,,7.000000,1004.625100,Rtt_Bcd,2.000000,O25140GUT,2,5.649652,530246.000000,503.262635,1
rtt,188,195,YIRKQAIL,,,7.000000,1004.625100,Rtt_Bcd,2.000000,O25142GUT,2,5.658212,420985.000000,503.280143,2
rtt,188,195,YIRKQAIL,,,7.000000,1004.625100,Rtt_Bcd,2.000000,O25144GUT,2,5.650344,475949.000000,503.298626,3
rtt,188,195,YIRKQAIL,,,7.000000,1004.625100,Rtt_Bcd,10.000000,O25158GUT,2,5.655717,498221.000000,503.458883,1
rtt,188,195,YIRKQAIL,,,7.000000,1004.625100,Rtt_Bcd,10.000000,O25160GUT,2,5.648879,567446.000000,503.483425,2
rtt,188,195,YIRKQAIL,,,7.000000,1004.625100,Rtt_Bcd,10.000000,O25162GUT,2,5.651545,561225.000000,503.488127,3
rtt,188,195,YIRKQAIL,,,7.000000,1004.625100,Rtt_Bcd,30.000002,O25176GUT,2,5.649677,572811.000000,503.782811,1
rtt,188,195,YIRKQAIL,,,7.000000,1004.625100,Rtt_Bcd,30.000002,O25178GUT,2,5.657912,510697.000000,503.795547,2
rtt,188,195,YIRKQAIL,,,7.000000,1004.625100,Rtt_Bcd,30.000002,O25180GUT,2,5.656157,529575.000000,503.816825,3
rtt,188,195,YIRKQAIL,,,7.000000,1004.625100,Rtt_Bcd,60.000004,O25194GUT,2,5.647294,456379.000000,503.902328,1
rtt,188,195,YIRKQAIL,,,7.000000,1004.625100,Rtt_Bcd,60.000004,O25196GUT,2,5.646567,395236.000000,503.897617,2
rtt,188,195,YIRKQAIL,,,7.000000,1004.625100,Rtt_Bcd,60.000004,O25198GUT,2,5.643463,391850.000000,503.865892,3
rtt,189,195,IRKQAIL,,,6.000000,841.561800,Rtt,0.000000,O25098GUT,2,5.427667,607470.000000,421.532590,1
rtt,189,195,IRKQAIL,,,6.000000,841.561800,Rtt,0.000000,O25100GUT,2,5.432219,426033.000000,421.523281,2
rtt,189,195,IRKQAIL,,,6.000000,841.561800,Rtt,0.000000,O25102GUT,2,5.436714,249917.000000,421.530080,3
rtt,189,195,IRKQAIL,,,6.000000,841.561800,Rtt,0.500000,O25116GUT,2,5.446658,76986.000000,421.673850,1
rtt,189,195,IRKQAIL,,,6.000000,841.561800,Rtt,0.500000,O25118GUT,2,5.446407,56853.000000,421.711097,2
rtt,189,195,IRKQAIL,,,6.000000,841.561800,Rtt,0.500000,O25120GUT,2,5.446188,53649.000000,421.719192,3
rtt,189,195,IRKQAIL,,,6.000000,841.561800,Rtt,2.000000,O25134GUT,2,5.446911,44548.000000,421.843261,1
rtt,189,195,IRKQAIL,,,6.000000,841.561800,Rtt,2.000000,O25136GUT,2,5.445893,53330.000000,421.877798,2
rtt,189,195,IRKQAIL,,,6.000000,841.561800,Rtt,2.000000,O25138GUT,2,5.447615,46420.000000,421.866019,3
rtt,189,195,IRKQAIL,,,6.000000,841.561800,Rtt,10.000000,O25152GUT,2,5.444292,50834.000000,422.311924,1
rtt,189,195,IRKQAIL,,,6.000000,841.561800,Rtt,10.000000,O25154GUT,2,5.443261,52693.000000,422.300754,2
rtt,189,195,IRKQAIL,,,6.000000,841.561800,Rtt,10.000000,O25156GUT,2,5.448822,53696.000000,422.287813,3
rtt,189,195,IRKQAIL,,,6.000000,841.561800,Rtt,30.000002,O25170GUT,2,5.446750,50397.000000,422.497789,1
rtt,189,195,IRKQAIL,,,6.000000,841.561800,Rtt,30.000002,O25172GUT,2,5.447009,48625.000000,422.541195,2
rtt,189,195,IRKQAIL,,,6.000000,841.561800,Rtt,30.000002,O25174GUT,2,5.445249,43929.000000,422.482463,3
rtt,189,195,IRKQAIL,,,6.000000,841.561800,Rtt,60.000004,O25188GUT,2,5.443777,36887.000000,422.634133,1
rtt,189,195,IRKQAIL,,,6.000000,841.561800,Rtt,60.000004,O25190GUT,2,5.447948,38025.000000,422.648090,2
rtt,189,195,IRKQAIL,,,6.000000,841.561800,Rtt,60.000004,O25192GUT,2,5.452425,36961.000000,422.639815,3
rtt,189,195,IRKQAIL,,,6.000000,841.561800,Rtt_Bcd,0.000000,O25104GUT,2,5.406835,329505.000000,421.515776,1
rtt,189,195,IRKQAIL,,,6.000000,841.561800,Rtt_Bcd,0.000000,O25106GUT,2,5.412069,318380.000000,421.526873,2
rtt,189,195,IRKQAIL,,,6.000000,841.561800,Rtt_Bcd,0.000000,O25108GUT,2,5.405361,293942.000000,421.517179,3
rtt,189,195,IRKQAIL,,,6.000000,841.561800,Rtt_Bcd,0.500000,O25122GUT,2,5.432932,150717.000000,421.603199,1
rtt,189,195,IRKQAIL,,,6.000000,841.561800,Rtt_Bcd,0.500000,O25124GUT,2,5.428895,165820.000000,421.626332,2
rtt,189,195,IRKQAIL,,,6.000000,841.561800,Rtt_Bcd,0.500000,O25126GUT,2,5.427402,152649.000000,421.602600,3
rtt,189,195,IRKQAIL,,,6.000000,841.561800,Rtt_Bcd,2.000000,O25140GUT,2,5.423135,190840.000000,421.690440,1
rtt,189,195,IRKQAIL,,,6.000000,841.561800,Rtt_Bcd,2.000000,O25142GUT,2,5.432123,156826.000000,421.707412,2
rtt,189,195,IRKQAIL,,,6.000000,841.561800,Rtt_Bcd,2.000000,O25144GUT,2,5.425633,170000.000000,421.695300,3
rtt,189,195,IRKQAIL,,,6.000000,841.561800,Rtt_Bcd,10.000000,O25158GUT,2,5.428867,164075.000000,421.941384,1
rtt,189,195,IRKQAIL,,,6.000000,841.561800,Rtt_Bcd,10.000000,O25160GUT,2,5.422860,180207.000000,421.972104,2
rtt,189,195,IRKQAIL,,,6.000000,841.561800,Rtt_Bcd,10.000000,O25162GUT,2,5.426451,182157.000000,421.908332,3
rtt,189,195,IRKQAIL,,,6.000000,841.561800,Rtt_Bcd,30.000002,O25176GUT,2,5.427193,196481.000000,422.235276,1
rtt,189,195,IRKQAIL,,,6.000000,841.561800,Rtt_Bcd,30.000002,O25178GUT,2,5.432430,166876.000000,422.250230,2
rtt,189,195,IRKQAIL,,,6.000000,841.561800,Rtt_Bcd,30.000002,O25180GUT,2,5.431255,180867.000000,422.265374,3
rtt,189,195,IRKQAIL,,,6.000000,841.561800,Rtt_Bcd,60.000004,O25194GUT,2,5.423637,155269.000000,422.360976,1
rtt,189,195,IRKQAIL,,,6.000000,841.561800,Rtt_Bcd,60.000004,O25196GUT,2,5.419952,137066.000000,422.357594,2
rtt,189,195,IRKQAIL,,,6.000000,841.561800,Rtt_Bcd,60.000004,O25198GUT,2,5.419852,125197.000000,422.370647,3
rtt,196,209,TGFKISNPFVNSTL,,,12.000000,1524.805700,Rtt,0.000000,O25098GUT,2,7.778096,6586312.000000,763.323302,1
rtt,196,209,TGFKISNPFVNSTL,,,12.000000,1524.805700,Rtt,0.000000,O25100GUT,2,7.782860,4452985.000000,763.329456,2
rtt,196,209,TGFKISNPFVNSTL,,,12.000000,1524.805700,Rtt,0.000000,O25102GUT,2,7.787323,2631534.000000,763.339071,3
rtt,196,209,TGFKISNPFVNSTL,,,12.000000,1524.805700,Rtt,0.500000,O25116GUT,2,7.783177,828458.000000,765.086400,1
rtt,196,209,TGFKISNPFVNSTL,,,12.000000,1524.805700,Rtt,0.500000,O25118GUT,2,7.782819,609188.000000,765.067766,2
rtt,196,209,TGFKISNPFVNSTL,,,12.000000,1524.805700,Rtt,0.500000,O25120GUT,2,7.784898,555458.000000,765.064174,3
rtt,196,209,TGFKISNPFVNSTL,,,12.000000,1524.805700,Rtt,2.000000,O25134GUT,2,7.788597,499035.000000,765.452735,1
rtt,196,209,TGFKISNPFVNSTL,,,12.000000,1524.805700,Rtt,2.000000,O25136GUT,2,7.787324,560826.000000,765.444241,2
rtt,196,209,TGFKISNPFVNSTL,,,12.000000,1524.805700,Rtt,2.000000,O25138GUT,2,7.788164,474324.000000,765.449265,3
rtt,196,209,TGFKISNPFVNSTL,,,12.000000,1524.805700,Rtt,10.000000,O25152GUT,2,7.794945,553553.000000,765.536138,1
rtt,196,209,TGFKISNPFVNSTL,,,12.000000,1524.805700,Rtt,10.000000,O25154GUT,2,7.786899,559776.000000,765.544660,2
rtt,196,209,TGFKISNPFVNSTL,,,12.000000,1524.805700,Rtt,10.000000,O25156GUT,2,7.788228,568119.000000,765.542666,3
rtt,196,209,TGFKISNPFVNSTL,,,12.000000,1524.805700,Rtt,30.000002,O25170GUT,2,7.785071,574475.000000,765.573468,1
rtt,196,209,TGFKISNPFVNSTL,,,12.000000,1524.805700,Rtt,30.000002,O25172GUT,2,7.784281,547526.000000,765.578097,2
rtt,196,209,TGFKISNPFVNSTL,,,12.000000,1524.805700,Rtt,30.000002,O25174GUT,2,7.790473,549069.000000,765.594384,3
rtt,196,209,TGFKISNPFVNSTL,,,12.000000,1524.805700,Rtt,60.000004,O25188GUT,2,7.792811,423069.000000,765.593567,1
rtt,196,209,TGFKISNPFVNSTL,,,12.000000,1524.805700,Rtt,60.000004,O25190GUT,2,7.788489,423937.000000,765.625958,2
rtt,196,209,TGFKISNPFVNSTL,,,12.000000,1524.805700,Rtt,60.000004,O25192GUT,2,7.787887,390315.000000,765.650762,3
rtt,196,209,TGFKISNPFVNSTL,,,12.000000,1524.805700,Rtt_Bcd,0.000000,O25104GUT,2,7.777109,4010087.000000,763.317794,1
rtt,196,209,TGFKISNPFVNSTL,,,12.000000,1524.805700,Rtt_Bcd,0.000000,O25106GUT,2,7.779369,3991608.000000,763.319339,2
rtt,196,209,TGFKISNPFVNSTL,,,12.000000,1524.805700,Rtt_Bcd,0.000000,O25108GUT,2,7.783246,3798637.000000,763.314029,3
rtt,196,209,TGFKISNPFVNSTL,,,12.000000,1524.805700,Rtt_Bcd,0.500000,O25122GUT,2,7.784949,1798192.000000,764.752760,1
rtt,196,209,TGFKISNPFVNSTL,,,12.000000,1524.805700,Rtt_Bcd,0.500000,O25124GUT,2,7.784925,1923441.000000,764.766760,2
rtt,196,209,TGFKISNPFVNSTL,,,12.000000,1524.805700,Rtt_Bcd,0.500000,O25126GUT,2,7.781982,1713870.000000,764.747145,3
rtt,196,209,TGFKISNPFVNSTL,,,12.000000,1524.805700,Rtt_Bcd,2.000000,O25140GUT,2,7.791643,2211524.000000,765.165828,1
rtt,196,209,TGFKISNPFVNSTL,,,12.000000,1524.805700,Rtt_Bcd,2.000000,O25142GUT,2,7.784709,1720082.000000,765.175451,2
rtt,196,209,TGFKISNPFVNSTL,,,12.000000,1524.805700,Rtt_Bcd,2.000000,O25144GUT,2,7.789864,1908780.000000,765.171131,3
rtt,196,209,TGFKISNPFVNSTL,,,12.000000,1524.805700,Rtt_Bcd,10.000000,O25158GUT,2,7.785220,2098610.000000,765.337887,1
rtt,196,209,TGFKISNPFVNSTL,,,12.000000,1524.805700,Rtt_Bcd,10.000000,O25160GUT,2,7.782178,2403558.000000,765.328856,2
rtt,196,209,TGFKISNPFVNSTL,,,12.000000,1524.805700,Rtt_Bcd,10.000000,O25162GUT,2,7.786008,2393566.000000,765.309700,3
rtt,196,209,TGFKISNPFVNSTL,,,12.000000,1524.805700,Rtt_Bcd,30.000002,O25176GUT,2,7.784373,2390085.000000,765.343229,1
rtt,196,209,TGFKISNPFVNSTL,,,12.000000,1524.805700,Rtt_Bcd,30.000002,O25178GUT,2,7.791387,2068760.000000,765.343987,2
rtt,196,209,TGFKISNPFVNSTL,,,12.000000,1524.805700,Rtt_Bcd,30.000002,O25180GUT,2,7.790443,2080169.000000,765.332272,3
rtt,196,209,TGFKISNPFVNSTL,,,12.000000,1524.805700,Rtt_Bcd,60.000004,O25194GUT,2,7.779656,1905507.000000,765.395891,1
rtt,196,209,TGFKISNPFVNSTL,,,12.000000,1524.805700,Rtt_Bcd,60.000004,O25196GUT,2,7.786413,1683048.000000,765.403803,2
rtt,196,209,TGFKISNPFVNSTL,,,12.000000,1524.805700,Rtt_Bcd,60.000004,O25198GUT,2,7.785503,1639333.000000,765.400697,3
rtt,198,209,FKISNPFVNSTL,,,10.000000,1366.736500,Rtt,0.000000,O25098GUT,2,7.735416,1220107.000000,684.263400,1
rtt,198,209,FKISNPFVNSTL,,,10.000000,1366.736500,Rtt,0.000000,O25100GUT,2,7.740397,848260.000000,684.282228,2
rtt,198,209,FKISNPFVNSTL,,,10.000000,1366.736500,Rtt,0.000000,O25102GUT,2,7.744267,520471.000000,684.290490,3
rtt,198,209,FKISNPFVNSTL,,,10.000000,1366.736500,Rtt,0.500000,O25116GUT,2,7.740795,165906.000000,685.817317,1
rtt,198,209,FKISNPFVNSTL,,,10.000000,1366.736500,Rtt,0.500000,O25118GUT,2,7.739157,123176.000000,685.799946,2
rtt,198,209,FKISNPFVNSTL,,,10.000000,1366.736500,Rtt,0.500000,O25120GUT,2,7.745271,114515.000000,685.754707,3
rtt,198,209,FKISNPFVNSTL,,,10.000000,1366.736500,Rtt,2.000000,O25134GUT,2,7.743665,100762.000000,686.032772,1
rtt,198,209,FKISNPFVNSTL,,,10.000000,1366.736500,Rtt,2.000000,O25136GUT,2,7.741725,114971.000000,686.007322,2
rtt,198,209,FKISNPFVNSTL,,,10.000000,1366.736500,Rtt,2.000000,O25138GUT,2,7.744284,97090.000000,686.024007,3
rtt,198,209,FKISNPFVNSTL,,,10.000000,1366.736500,Rtt,10.000000,O25152GUT,2,7.749726,106077.000000,686.058583,1
rtt,198,209,FKISNPFVNSTL,,,10.000000,1366.736500,Rtt,10.000000,O25154GUT,2,7.744561,107358.000000,686.004658,2
rtt,198,209,FKISNPFVNSTL,,,10.000000,1366.736500,Rtt,10.000000,O25156GUT,2,7.744558,115667.000000,686.021231,3
rtt,198,209,FKISNPFVNSTL,,,10.000000,1366.736500,Rtt,30.000002,O25170GUT,2,7.743317,112526.000000,685.977793,1
rtt,198,209,FKISNPFVNSTL,,,10.000000,1366.736500,Rtt,30.000002,O25172GUT,2,7.744372,113071.000000,685.986387,2
rtt,198,209,FKISNPFVNSTL,,,10.000000,1366.736500,Rtt,30.000002,O25174GUT,2,7.746236,109928.000000,685.973900,3
rtt,198,209,FKISNPFVNSTL,,,10.000000,1366.736500,Rtt,60.000004,O25188GUT,2,7.748998,79893.000000,686.027127,1
rtt,198,209,FKISNPFVNSTL,,,10.000000,1366.736500,Rtt,60.000004,O25190GUT,2,7.742515,84893.000000,685.963889,2
rtt,198,209,FKISNPFVNSTL,,,10.000000,1366.736500,Rtt,60.000004,O25192GUT,2,7.747863,72759.000000,686.014682,3
rtt,198,209,FKISNPFVNSTL,,,10.000000,1366.736500,Rtt_Bcd,0.000000,O25104GUT,2,7.735188,784142.000000,684.286302,1
rtt,198,209,FKISNPFVNSTL,,,10.000000,1366.736500,Rtt_Bcd,0.000000,O25106GUT,2,7.737657,766832.000000,684.297033,2
rtt,198,209,FKISNPFVNSTL,,,10.000000,1366.736500,Rtt_Bcd,0.000000,O25108GUT,2,7.741885,762812.000000,684.279197,3
rtt,198,209,FKISNPFVNSTL,,,10.000000,1366.736500,Rtt_Bcd,0.500000,O25122GUT,2,7.742821,355503.000000,685.542302,1
rtt,198,209,FKISNPFVNSTL,,,10.000000,1366.736500,Rtt_Bcd,0.500000,O25124GUT,2,7.744616,385990.000000,685.550181,2
rtt,198,209,FKISNPFVNSTL,,,10.000000,1366.736500,Rtt_Bcd,0.500000,O25126GUT,2,7.740742,344118.000000,685.526522,3
rtt,198,209,FKISNPFVNSTL,,,10.000000,1366.736500,Rtt_Bcd,2.000000,O25140GUT,2,7.750921,439517.000000,685.825369,1
rtt,198,209,FKISNPFVNSTL,,,10.000000,1366.736500,Rtt_Bcd,2.000000,O25142GUT,2,7.742462,347467.000000,685.816855,2
rtt,198,209,FKISNPFVNSTL,,,10.000000,1366.736500,Rtt_Bcd,2.000000,O25144GUT,2,7.748482,372749.000000,685.823146,3
rtt,198,209,FKISNPFVNSTL,,,10.000000,1366.736500,Rtt_Bcd,10.000000,O25158GUT,2,7.742180,377844.000000,685.851397,1
rtt,198,209,FKISNPFVNSTL,,,10.000000,1366.736500,Rtt_Bcd,10.000000,O25160GUT,2,7.740797,444059.000000,685.844887,2
rtt,198,209,FKISNPFVNSTL,,,10.000000,1366.736500,Rtt_Bcd,10.000000,O25162GUT,2,7.743453,464302.000000,685.810732,3
rtt,198,209,FKISNPFVNSTL,,,10.000000,1366.736500,Rtt_Bcd,30.000002,O25176GUT,2,7.743317,456707.000000,685.856468,1
rtt,198,209,FKISNPFVNSTL,,,10.000000,1366.736500,Rtt_Bcd,30.000002,O25178GUT,2,7.748461,369531.000000,685.845904,2
rtt,198,209,FKISNPFVNSTL,,,10.000000,1366.736500,Rtt_Bcd,30.000002,O25180GUT,2,7.747021,379211.000000,685.868054,3
rtt,198,209,FKISNPFVNSTL,,,10.000000,1366.736500,Rtt_Bcd,60.000004,O25194GUT,2,7.736940,355451.000000,685.866127,1
rtt,198,209,FKISNPFVNSTL,,,10.000000,1366.736500,Rtt_Bcd,60.000004,O25196GUT,2,7.744906,309295.000000,685.903408,2
rtt,198,209,FKISNPFVNSTL,,,10.000000,1366.736500,Rtt_Bcd,60.000004,O25198GUT,2,7.742584,324740.000000,685.873688,3
rtt,199,209,KISNPFVNSTL,,,9.000000,1219.668100,Rtt,0.000000,O25098GUT,2,7.175621,2035603.000000,610.677883,1
rtt,199,209,KISNPFVNSTL,,,9.000000,1219.668100,Rtt,0.000000,O25100GUT,2,7.179938,1444323.000000,610.686135,2
rtt,199,209,KISNPFVNSTL,,,9.000000,1219.668100,Rtt,0.000000,O25102GUT,2,7.184099,886502.000000,610.694186,3
rtt,199,209,KISNPFVNSTL,,,9.000000,1219.668100,Rtt,0.500000,O25116GUT,2,7.185010,256369.000000,612.004636,1
rtt,199,209,KISNPFVNSTL,,,9.000000,1219.668100,Rtt,0.500000,O25118GUT,2,7.182994,187726.000000,611.998026,2
rtt,199,209,KISNPFVNSTL,,,9.000000,1219.668100,Rtt,0.500000,O25120GUT,2,7.183729,168500.000000,611.973627,3
rtt,199,209,KISNPFVNSTL,,,9.000000,1219.668100,Rtt,2.000000,O25134GUT,2,7.185991,151111.000000,612.125466,1
rtt,199,209,KISNPFVNSTL,,,9.000000,1219.668100,Rtt,2.000000,O25136GUT,2,7.184874,167708.000000,612.134317,2
rtt,199,209,KISNPFVNSTL,,,9.000000,1219.668100,Rtt,2.000000,O25138GUT,2,7.186229,143790.000000,612.151390,3
rtt,199,209,KISNPFVNSTL,,,9.000000,1219.668100,Rtt,10.000000,O25152GUT,2,7.192010,166326.000000,612.107728,1
rtt,199,209,KISNPFVNSTL,,,9.000000,1219.668100,Rtt,10.000000,O25154GUT,2,7.183496,165159.000000,612.134300,2
rtt,199,209,KISNPFVNSTL,,,9.000000,1219.668100,Rtt,10.000000,O25156GUT,2,7.181929,165796.000000,612.101416,3
rtt,199,209,KISNPFVNSTL,,,9.000000,1219.668100,Rtt,30.000002,O25170GUT,2,7.182928,165452.000000,612.113150,1
rtt,199,209,KISNPFVNSTL,,,9.000000,1219.668100,Rtt,30.000002,O25172GUT,2,7.185815,151680.000000,612.137211,2
rtt,199,209,KISNPFVNSTL,,,9.000000,1219.668100,Rtt,30.000002,O25174GUT,2,7.189721,156991.000000,612.132391,3
rtt,199,209,KISNPFVNSTL,,,9.000000,1219.668100,Rtt,60.000004,O25188GUT,2,7.190947,115813.000000,612.096671,1
rtt,199,209,KISNPFVNSTL,,,9.000000,1219.668100,Rtt,60.000004,O25190GUT,2,7.187680,116425.000000,612.125521,2
rtt,199,209,KISNPFVNSTL,,,9.000000,1219.668100,Rtt,60.000004,O25192GUT,2,7.186745,102535.000000,612.171267,3
rtt,199,209,KISNPFVNSTL,,,9.000000,1219.668100,Rtt_Bcd,0.000000,O25104GUT,2,7.177714,968829.000000,610.721889,1
rtt,199,209,KISNPFVNSTL,,,9.000000,1219.668100,Rtt_Bcd,0.000000,O25106GUT,2,7.180341,936291.000000,610.735252,2
rtt,199,209,KISNPFVNSTL,,,9.000000,1219.668100,Rtt_Bcd,0.000000,O25108GUT,2,7.184883,875083.000000,610.744623,3
rtt,199,209,KISNPFVNSTL,,,9.000000,1219.668100,Rtt_Bcd,0.500000,O25122GUT,2,7.184665,411360.000000,611.811486,1
rtt,199,209,KISNPFVNSTL,,,9.000000,1219.668100,Rtt_Bcd,0.500000,O25124GUT,2,7.184178,449391.000000,611.859692,2
rtt,199,209,KISNPFVNSTL,,,9.000000,1219.668100,Rtt_Bcd,0.500000,O25126GUT,2,7.182806,401349.000000,611.823904,3
rtt,199,209,KISNPFVNSTL,,,9.000000,1219.668100,Rtt_Bcd,2.000000,O25140GUT,2,7.191368,468867.000000,612.025446,1
rtt,199,209,KISNPFVNSTL,,,9.000000,1219.668100,Rtt_Bcd,2.000000,O25142GUT,2,7.183884,387557.000000,612.026965,2
rtt,199,209,KISNPFVNSTL,,,9.000000,1219.668100,Rtt_Bcd,2.000000,O25144GUT,2,7.186822,425330.000000,611.975078,3
rtt,199,209,KISNPFVNSTL,,,9.000000,1219.668100,Rtt_Bcd,10.000000,O25158GUT,2,7.183335,447181.000000,611.973772,1
rtt,199,209,KISNPFVNSTL,,,9.000000,1219.668100,Rtt_Bcd,10.000000,O25160GUT,2,7.182015,518732.000000,612.030581,2
rtt,199,209,KISNPFVNSTL,,,9.000000,1219.668100,Rtt_Bcd,10.000000,O25162GUT,2,7.185761,507613.000000,611.945063,3
rtt,199,209,KISNPFVNSTL,,,9.000000,1219.668100,Rtt_Bcd,30.000002,O25176GUT,2,7.184474,505020.000000,611.963315,1
rtt,199,209,KISNPFVNSTL,,,9.000000,1219.668100,Rtt_Bcd,30.000002,O25178GUT,2,7.190307,432284.000000,611.969265,2
rtt,199,209,KISNPFVNSTL,,,9.000000,1219.668100,Rtt_Bcd,30.000002,O25180GUT,2,7.188337,436832.000000,611.961601,3
rtt,199,209,KISNPFVNSTL,,,9.000000,1219.668100,Rtt_Bcd,60.000004,O25194GUT,2,7.180670,378534.000000,611.985667,1
rtt,199,209,KISNPFVNSTL,,,9.000000,1219.668100,Rtt_Bcd,60.000004,O25196GUT,2,7.184878,346873.000000,611.969106,2
rtt,199,209,KISNPFVNSTL,,,9.000000,1219.668100,Rtt_Bcd,60.000004,O25198GUT,2,7.185456,343309.000000,611.968841,3
rtt,210,233,VDTDAEKINSFHLQCHRGTKEGTL,,,23.000000,2699.320600,Rtt,0.000000,O25098GUT,3,5.780939,1355546.000000,900.980382,1
rtt,210,233,VDTDAEKINSFHLQCHRGTKEGTL,,,23.000000,2699.320600,Rtt,0.000000,O25100GUT,3,5.783525,922063.000000,900.977839,2
rtt,210,233,VDTDAEKINSFHLQCHRGTKEGTL,,,23.000000,2699.320600,Rtt,0.000000,O25102GUT,3,5.785410,551426.000000,900.991189,3
rtt,210,233,VDTDAEKINSFHLQCHRGTKEGTL,,,23.000000,2699.320600,Rtt,0.500000,O25116GUT,3,5.787887,166632.000000,901.884456,1
rtt,210,233,VDTDAEKINSFHLQCHRGTKEGTL,,,23.000000,2699.320600,Rtt,0.500000,O25118GUT,3,5.789563,120616.000000,901.863465,2
rtt,210,233,VDTDAEKINSFHLQCHRGTKEGTL,,,23.000000,2699.320600,Rtt,0.500000,O25120GUT,3,5.787672,102133.000000,901.905028,3
rtt,210,233,VDTDAEKINSFHLQCHRGTKEGTL,,,23.000000,2699.320600,Rtt,2.000000,O25134GUT,3,5.790399,99077.000000,901.873952,1
rtt,210,233,VDTDAEKINSFHLQCHRGTKEGTL,,,23.000000,2699.320600,Rtt,2.000000,O25136GUT,3,5.787272,104284.000000,901.866539,2
rtt,210,233,VDTDAEKINSFHLQCHRGTKEGTL,,,23.000000,2699.320600,Rtt,2.000000,O25138GUT,3,5.789481,89449.000000,901.876613,3
rtt,210,233,VDTDAEKINSFHLQCHRGTKEGTL,,,23.000000,2699.320600,Rtt,10.000000,O25152GUT,3,5.795737,100438.000000,901.833494,1
rtt,210,233,VDTDAEKINSFHLQCHRGTKEGTL,,,23.000000,2699.320600,Rtt,10.000000,O25154GUT,3,5.789394,107359.000000,901.837434,2
rtt,210,233,VDTDAEKINSFHLQCHRGTKEGTL,,,23.000000,2699.320600,Rtt,10.000000,O25156GUT,3,5.789864,106019.000000,901.823728,3
rtt,210,233,VDTDAEKINSFHLQCHRGTKEGTL,,,23.000000,2699.320600,Rtt,30.000002,O25170GUT,3,5.789389,110163.000000,901.854326,1
rtt,210,233,VDTDAEKINSFHLQCHRGTKEGTL,,,23.000000,2699.320600,Rtt,30.000002,O25172GUT,3,5.788013,104129.000000,901.844804,2
rtt,210,233,VDTDAEKINSFHLQCHRGTKEGTL,,,23.000000,2699.320600,Rtt,30.000002,O25174GUT,3,5.792208,104578.000000,901.882140,3
rtt,210,233,VDTDAEKINSFHLQCHRGTKEGTL,,,23.000000,2699.320600,Rtt,60.000004,O25188GUT,3,5.794368,86008.000000,901.871418,1
rtt,210,233,VDTDAEKINSFHLQCHRGTKEGTL,,,23.000000,2699.320600,Rtt,60.000004,O25190GUT,3,5.789447,80868.000000,901.879734,2
rtt,210,233,VDTDAEKINSFHLQCHRGTKEGTL,,,23.000000,2699.320600,Rtt,60.000004,O25192GUT,3,5.790959,73611.000000,901.949904,3
rtt,210,233,VDTDAEKINSFHLQCHRGTKEGTL,,,23.000000,2699.320600,Rtt_Bcd,0.000000,O25104GUT,3,5.775702,742096.000000,900.989994,1
rtt,210,233,VDTDAEKINSFHLQCHRGTKEGTL,,,23.000000,2699.320600,Rtt_Bcd,0.000000,O25106GUT,3,5.778141,725531.000000,900.983414,2
rtt,210,233,VDTDAEKINSFHLQCHRGTKEGTL,,,23.000000,2699.320600,Rtt_Bcd,0.000000,O25108GUT,3,5.779662,641327.000000,900.979391,3
rtt,210,233,VDTDAEKINSFHLQCHRGTKEGTL,,,23.000000,2699.320600,Rtt_Bcd,0.500000,O25122GUT,3,5.785317,386682.000000,901.779380,1
rtt,210,233,VDTDAEKINSFHLQCHRGTKEGTL,,,23.000000,2699.320600,Rtt_Bcd,0.500000,O25124GUT,3,5.784606,391827.000000,901.781155,2
rtt,210,233,VDTDAEKINSFHLQCHRGTKEGTL,,,23.000000,2699.320600,Rtt_Bcd,0.500000,O25126GUT,3,5.784937,387808.000000,901.775782,3
rtt,210,233,VDTDAEKINSFHLQCHRGTKEGTL,,,23.000000,2699.320600,Rtt_Bcd,2.000000,O25140GUT,3,5.781299,433694.000000,901.753498,1
rtt,210,233,VDTDAEKINSFHLQCHRGTKEGTL,,,23.000000,2699.320600,Rtt_Bcd,2.000000,O25142GUT,3,5.787055,369948.000000,901.778069,2
rtt,210,233,VDTDAEKINSFHLQCHRGTKEGTL,,,23.000000,2699.320600,Rtt_Bcd,2.000000,O25144GUT,3,5.782573,393128.000000,901.769046,3
rtt,210,233,VDTDAEKINSFHLQCHRGTKEGTL,,,23.000000,2699.320600,Rtt_Bcd,10.000000,O25158GUT,3,5.787511,445916.000000,901.734542,1
rtt,210,233,VDTDAEKINSFHLQCHRGTKEGTL,,,23.000000,2699.320600,Rtt_Bcd,10.000000,O25160GUT,3,5.783922,466318.000000,901.740589,2
rtt,210,233,VDTDAEKINSFHLQCHRGTKEGTL,,,23.000000,2699.320600,Rtt_Bcd,10.000000,O25162GUT,3,5.786981,479669.000000,901.724606,3
rtt,210,233,VDTDAEKINSFHLQCHRGTKEGTL,,,23.000000,2699.320600,Rtt_Bcd,30.000002,O25176GUT,3,5.785674,469479.000000,901.734345,1
rtt,210,233,VDTDAEKINSFHLQCHRGTKEGTL,,,23.000000,2699.320600,Rtt_Bcd,30.000002,O25178GUT,3,5.791662,440759.000000,901.727463,2
rtt,210,233,VDTDAEKINSFHLQCHRGTKEGTL,,,23.000000,2699.320600,Rtt_Bcd,30.000002,O25180GUT,3,5.788884,431327.000000,901.720311,3
rtt,210,233,VDTDAEKINSFHLQCHRGTKEGTL,,,23.000000,2699.320600,Rtt_Bcd,60.000004,O25194GUT,3,5.784249,371154.000000,901.781170,1
rtt,210,233,VDTDAEKINSFHLQCHRGTKEGTL,,,23.000000,2699.320600,Rtt_Bcd,60.000004,O25196GUT,3,5.779537,357977.000000,901.797292,2
rtt,210,233,VDTDAEKINSFHLQCHRGTKEGTL,,,23.000000,2699.320600,Rtt_Bcd,60.000004,O25198GUT,3,5.780172,328898.000000,901.788334,3
rtt,234,243,YFLPDHIIFG,,,8.000000,1221.630300,Rtt,0.000000,O25098GUT,2,8.194740,5330845.000000,611.662306,1
rtt,234,243,YFLPDHIIFG,,,8.000000,1221.630300,Rtt,0.000000,O25100GUT,2,8.199666,3381280.000000,611.674462,2
rtt,234,243,YFLPDHIIFG,,,8.000000,1221.630300,Rtt,0.000000,O25102GUT,2,8.205319,1916179.000000,611.694711,3
rtt,234,243,YFLPDHIIFG,,,8.000000,1221.630300,Rtt,0.500000,O25116GUT,2,8.204776,754021.000000,611.714902,1
rtt,234,243,YFLPDHIIFG,,,8.000000,1221.630300,Rtt,0.500000,O25118GUT,2,8.210656,573099.000000,611.734396,2
rtt,234,243,YFLPDHIIFG,,,8.000000,1221.630300,Rtt,0.500000,O25120GUT,2,8.205964,530380.000000,611.727120,3
rtt,234,243,YFLPDHIIFG,,,8.000000,1221.630300,Rtt,2.000000,O25134GUT,2,8.211772,516278.000000,611.741069,1
rtt,234,243,YFLPDHIIFG,,,8.000000,1221.630300,Rtt,2.000000,O25136GUT,2,8.208776,560685.000000,611.720379,2
rtt,234,243,YFLPDHIIFG,,,8.000000,1221.630300,Rtt,2.000000,O25138GUT,2,8.211005,480762.000000,611.736538,3
rtt,234,243,YFLPDHIIFG,,,8.000000,1221.630300,Rtt,10.000000,O25152GUT,2,8.214622,543775.000000,611.760010,1
rtt,234,243,YFLPDHIIFG,,,8.000000,1221.630300,Rtt,10.000000,O25154GUT,2,8.210315,586621.000000,611.746545,2
rtt,234,243,YFLPDHIIFG,,,8.000000,1221.630300,Rtt,10.000000,O25156GUT,2,8.205961,566576.000000,611.764203,3
rtt,234,243,YFLPDHIIFG,,,8.000000,1221.630300,Rtt,30.000002,O25170GUT,2,8.207547,561197.000000,611.753605,1
rtt,234,243,YFLPDHIIFG,,,8.000000,1221.630300,Rtt,30.000002,O25172GUT,2,8.207591,550671.000000,611.753678,2
rtt,234,243,YFLPDHIIFG,,,8.000000,1221.630300,Rtt,30.000002,O25174GUT,2,8.212433,547773.000000,611.758538,3
rtt,234,243,YFLPDHIIFG,,,8.000000,1221.630300,Rtt,60.000004,O25188GUT,2,8.215524,393974.000000,611.773968,1
rtt,234,243,YFLPDHIIFG,,,8.000000,1221.630300,Rtt,60.000004,O25190GUT,2,8.209846,405957.000000,611.769425,2
rtt,234,243,YFLPDHIIFG,,,8.000000,1221.630300,Rtt,60.000004,O25192GUT,2,8.211512,374856.000000,611.770061,3
rtt,234,243,YFLPDHIIFG,,,8.000000,1221.630300,Rtt_Bcd,0.000000,O25104GUT,2,8.195940,2473833.000000,611.705425,1
rtt,234,243,YFLPDHIIFG,,,8.000000,1221.630300,Rtt_Bcd,0.000000,O25106GUT,2,8.196535,2493716.000000,611.703730,2
rtt,234,243,YFLPDHIIFG,,,8.000000,1221.630300,Rtt_Bcd,0.000000,O25108GUT,2,8.200831,2427095.000000,611.698295,3
rtt,234,243,YFLPDHIIFG,,,8.000000,1221.630300,Rtt_Bcd,0.500000,O25122GUT,2,8.203344,1443669.000000,611.743825,1
rtt,234,243,YFLPDHIIFG,,,8.000000,1221.630300,Rtt_Bcd,0.500000,O25124GUT,2,8.204716,1557094.000000,611.746160,2
rtt,234,243,YFLPDHIIFG,,,8.000000,1221.630300,Rtt_Bcd,0.500000,O25126GUT,2,8.200051,1365849.000000,611.733679,3
rtt,234,243,YFLPDHIIFG,,,8.000000,1221.630300,Rtt_Bcd,2.000000,O25140GUT,2,8.209962,1808700.000000,611.711312,1
rtt,234,243,YFLPDHIIFG,,,8.000000,1221.630300,Rtt_Bcd,2.000000,O25142GUT,2,8.204073,1432479.000000,611.744751,2
rtt,234,243,YFLPDHIIFG,,,8.000000,1221.630300,Rtt_Bcd,2.000000,O25144GUT,2,8.209116,1525908.000000,611.737816,3
rtt,234,243,YFLPDHIIFG,,,8.000000,1221.630300,Rtt_Bcd,10.000000,O25158GUT,2,8.203726,1509724.000000,611.736230,1
rtt,234,243,YFLPDHIIFG,,,8.000000,1221.630300,Rtt_Bcd,10.000000,O25160GUT,2,8.202204,1624723.000000,611.731024,2
rtt,234,243,YFLPDHIIFG,,,8.000000,1221.630300,Rtt_Bcd,10.000000,O25162GUT,2,8.204982,1553466.000000,611.737093,3
rtt,234,243,YFLPDHIIFG,,,8.000000,1221.630300,Rtt_Bcd,30.000002,O25176GUT,2,8.203744,1316556.000000,611.773227,1
rtt,234,243,YFLPDHIIFG,,,8.000000,1221.630300,Rtt_Bcd,30.000002,O25178GUT,2,8.210395,1103573.000000,611.798972,2
rtt,234,243,YFLPDHIIFG,,,8.000000,1221.630300,Rtt_Bcd,30.000002,O25180GUT,2,8.209064,1097789.000000,611.766748,3
rtt,234,243,YFLPDHIIFG,,,8.000000,1221.630300,Rtt_Bcd,60.000004,O25194GUT,2,8.200650,1045289.000000,611.822156,1
rtt,234,243,YFLPDHIIFG,,,8.000000,1221.630300,Rtt_Bcd,60.000004,O25196GUT,2,8.206463,865990.000000,611.769394,2
rtt,234,243,YFLPDHIIFG,,,8.000000,1221.630300,Rtt_Bcd,60.000004,O25198GUT,2,8.204101,904343.000000,611.802801,3
rtt,244,250,FKKPILL,,,5.000000,858.581100,Rtt,0.000000,O25098GUT,2,6.356473,1289051.000000,430.064783,1
rtt,244,250,FKKPILL,,,5.000000,858.581100,Rtt,0.000000,O25100GUT,2,6.361527,884308.000000,430.062243,2
rtt,244,250,FKKPILL,,,5.000000,858.581100,Rtt,0.000000,O25102GUT,2,6.367651,537041.000000,430.057224,3
rtt,244,250,FKKPILL,,,5.000000,858.581100,Rtt,0.500000,O25116GUT,2,6.373154,171299.000000,430.398829,1
rtt,244,250,FKKPILL,,,5.000000,858.581100,Rtt,0.500000,O25118GUT,2,6.375565,124038.000000,430.374248,2
rtt,244,250,FKKPILL,,,5.000000,858.581100,Rtt,0.500000,O25120GUT,2,6.379595,112435.000000,430.357585,3
rtt,244,250,FKKPILL,,,5.000000,858.581100,Rtt,2.000000,O25134GUT,2,6.381244,105801.000000,430.596531,1
rtt,244,250,FKKPILL,,,5.000000,858.581100,Rtt,2.000000,O25136GUT,2,6.376937,110933.000000,430.586407,2
rtt,244,250,FKKPILL,,,5.000000,858.581100,Rtt,2.000000,O25138GUT,2,6.374525,91542.000000,430.571280,3
rtt,244,250,FKKPILL,,,5.000000,858.581100,Rtt,10.000000,O25152GUT,2,6.379224,101740.000000,430.710292,1
rtt,244,250,FKKPILL,,,5.000000,858.581100,Rtt,10.000000,O25154GUT,2,6.375047,108785.000000,430.742032,2
rtt,244,250,FKKPILL,,,5.000000,858.581100,Rtt,10.000000,O25156GUT,2,6.372644,104261.000000,430.721628,3
rtt,244,250,FKKPILL,,,5.000000,858.581100,Rtt,30.000002,O25170GUT,2,6.374079,105447.000000,430.734649,1
rtt,244,250,FKKPILL,,,5.000000,858.581100,Rtt,30.000002,O25172GUT,2,6.372283,97989.000000,430.704434,2
rtt,244,250,FKKPILL,,,5.000000,858.581100,Rtt,30.000002,O25174GUT,2,6.376429,106941.000000,430.732948,3
rtt,244,250,FKKPILL,,,5.000000,858.581100,Rtt,60.000004,O25188GUT,2,6.381665,82540.000000,430.750110,1
rtt,244,250,FKKPILL,,,5.000000,858.581100,Rtt,60.000004,O25190GUT,2,6.372857,79391.000000,430.738950,2
rtt,244,250,FKKPILL,,,5.000000,858.581100,Rtt,60.000004,O25192GUT,2,6.376670,73872.000000,430.704861,3
rtt,244,250,FKKPILL,,,5.000000,858.581100,Rtt_Bcd,0.000000,O25104GUT,2,6.314386,662000.000000,430.047136,1
rtt,244,250,FKKPILL,,,5.000000,858.581100,Rtt_Bcd,0.000000,O25106GUT,2,6.317009,638871.000000,430.036547,2
rtt,244,250,FKKPILL,,,5.000000,858.581100,Rtt_Bcd,0.000000,O25108GUT,2,6.317560,593294.000000,430.038372,3
rtt,244,250,FKKPILL,,,5.000000,858.581100,Rtt_Bcd,0.500000,O25122GUT,2,6.344322,313886.000000,430.323175,1
rtt,244,250,FKKPILL,,,5.000000,858.581100,Rtt_Bcd,0.500000,O25124GUT,2,6.339611,330077.000000,430.322997,2
rtt,244,250,FKKPILL,,,5.000000,858.581100,Rtt_Bcd,0.500000,O25126GUT,2,6.343027,301222.000000,430.324739,3
rtt,244,250,FKKPILL,,,5.000000,858.581100,Rtt_Bcd,2.000000,O25140GUT,2,6.334835,369081.000000,430.503320,1
rtt,244,250,FKKPILL,,,5.000000,858.581100,Rtt_Bcd,2.000000,O25142GUT,2,6.343757,312441.000000,430.509464,2
rtt,244,250,FKKPILL,,,5.000000,858.581100,Rtt_Bcd,2.000000,O25144GUT,2,6.336163,329912.000000,430.509028,3
rtt,244,250,FKKPILL,,,5.000000,858.581100,Rtt_Bcd,10.000000,O25158GUT,2,6.338029,347631.000000,430.668175,1
rtt,244,250,FKKPILL,,,5.000000,858.581100,Rtt_Bcd,10.000000,O25160GUT,2,6.331804,374369.000000,430.661890,2
rtt,244,250,FKKPILL,,,5.000000,858.581100,Rtt_Bcd,10.000000,O25162GUT,2,6.334839,381617.000000,430.671235,3
rtt,244,250,FKKPILL,,,5.000000,858.581100,Rtt_Bcd,30.000002,O25176GUT,2,6.334829,398818.000000,430.695778,1
rtt,244,250,FKKPILL,,,5.000000,858.581100,Rtt_Bcd,30.000002,O25178GUT,2,6.345894,349515.000000,430.678534,2
rtt,244,250,FKKPILL,,,5.000000,858.581100,Rtt_Bcd,30.000002,O25180GUT,2,6.340850,347727.000000,430.685386,3
rtt,244,250,FKKPILL,,,5.000000,858.581100,Rtt_Bcd,60.000004,O25194GUT,2,6.332345,298541.000000,430.707878,1
rtt,244,250,FKKPILL,,,5.000000,858.581100,Rtt_Bcd,60.000004,O25196GUT,2,6.329851,252619.000000,430.700737,2
rtt,244,250,FKKPILL,,,5.000000,858.581100,Rtt_Bcd,60.000004,O25198GUT,2,6.326921,256738.000000,430.681842,3
rtt,256,267,IESITYSSITRL,,,11.000000,1382.752600,Rtt,0.000000,O25098GUT,2,7.187148,908196.000000,692.282406,1
rtt,256,267,IESITYSSITRL,,,11.000000,1382.752600,Rtt,0.000000,O25100GUT,2,7.189405,658289.000000,692.272131,2
rtt,256,267,IESITYSSITRL,,,11.000000,1382.752600,Rtt,0.000000,O25102GUT,2,7.193417,405617.000000,692.291011,3
rtt,256,267,IESITYSSITRL,,,11.000000,1382.752600,Rtt,0.500000,O25116GUT,2,7.181336,103994.000000,694.458523,1
rtt,256,267,IESITYSSITRL,,,11.000000,1382.752600,Rtt,0.500000,O25118GUT,2,7.178541,80940.000000,694.511616,2
rtt,256,267,IESITYSSITRL,,,11.000000,1382.752600,Rtt,0.500000,O25120GUT,2,7.182299,70115.000000,694.406607,3
rtt,256,267,IESITYSSITRL,,,11.000000,1382.752600,Rtt,2.000000,O25134GUT,2,7.189252,59677.000000,694.752684,1
rtt,256,267,IESITYSSITRL,,,11.000000,1382.752600,Rtt,2.000000,O25136GUT,2,7.183542,68277.000000,694.562805,2
rtt,256,267,IESITYSSITRL,,,11.000000,1382.752600,Rtt,2.000000,O25138GUT,2,7.181266,60609.000000,694.684829,3
rtt,256,267,IESITYSSITRL,,,11.000000,1382.752600,Rtt,10.000000,O25152GUT,2,7.191440,68841.000000,694.729952,1
rtt,256,267,IESITYSSITRL,,,11.000000,1382.752600,Rtt,10.000000,O25154GUT,2,7.182989,72063.000000,694.577880,2
rtt,256,267,IESITYSSITRL,,,11.000000,1382.752600,Rtt,10.000000,O25156GUT,2,7.188369,73617.000000,694.551783,3
rtt,256,267,IESITYSSITRL,,,11.000000,1382.752600,Rtt,30.000002,O25170GUT,2,7.186993,64637.000000,694.615846,1
rtt,256,267,IESITYSSITRL,,,11.000000,1382.752600,Rtt,30.000002,O25172GUT,2,7.183244,71858.000000,694.589061,2
rtt,256,267,IESITYSSITRL,,,11.000000,1382.752600,Rtt,30.000002,O25174GUT,2,7.189689,70278.000000,694.617167,3
rtt,256,267,IESITYSSITRL,,,11.000000,1382.752600,Rtt,60.000004,O25188GUT,2,7.189522,53965.000000,694.629595,1
rtt,256,267,IESITYSSITRL,,,11.000000,1382.752600,Rtt,60.000004,O25190GUT,2,7.190525,53215.000000,694.671041,2
rtt,256,267,IESITYSSITRL,,,11.000000,1382.752600,Rtt,60.000004,O25192GUT,2,7.180879,52715.000000,694.746258,3
rtt,256,267,IESITYSSITRL,,,11.000000,1382.752600,Rtt_Bcd,0.000000,O25104GUT,2,7.188448,500657.000000,692.275798,1
rtt,256,267,IESITYSSITRL,,,11.000000,1382.752600,Rtt_Bcd,0.000000,O25106GUT,2,7.191523,490695.000000,692.294801,2
rtt,256,267,IESITYSSITRL,,,11.000000,1382.752600,Rtt_Bcd,0.000000,O25108GUT,2,7.194857,461152.000000,692.286828,3
rtt,256,267,IESITYSSITRL,,,11.000000,1382.752600,Rtt_Bcd,0.500000,O25122GUT,2,7.180494,203355.000000,694.389841,1
rtt,256,267,IESITYSSITRL,,,11.000000,1382.752600,Rtt_Bcd,0.500000,O25124GUT,2,7.183822,210779.000000,694.414484,2
rtt,256,267,IESITYSSITRL,,,11.000000,1382.752600,Rtt_Bcd,0.500000,O25126GUT,2,7.182008,198668.000000,694.372433,3
rtt,256,267,IESITYSSITRL,,,11.000000,1382.752600,Rtt_Bcd,2.000000,O25140GUT,2,7.191108,238257.000000,694.606642,1
rtt,256,267,IESITYSSITRL,,,11.000000,1382.752600,Rtt_Bcd,2.000000,O25142GUT,2,7.182968,198452.000000,694.627083,2
rtt,256,267,IESITYSSITRL,,,11.000000,1382.752600,Rtt_Bcd,2.000000,O25144GUT,2,7.189052,214569.000000,694.550703,3
rtt,256,267,IESITYSSITRL,,,11.000000,1382.752600,Rtt_Bcd,10.000000,O25158GUT,2,7.181067,237616.000000,694.621114,1
rtt,256,267,IESITYSSITRL,,,11.000000,1382.752600,Rtt_Bcd,10.000000,O25160GUT,2,7.182068,259985.000000,694.559083,2
rtt,256,267,IESITYSSITRL,,,11.000000,1382.752600,Rtt_Bcd,10.000000,O25162GUT,2,7.186319,265457.000000,694.514829,3
rtt,256,267,IESITYSSITRL,,,11.000000,1382.752600,Rtt_Bcd,30.000002,O25176GUT,2,7.183546,251537.000000,694.629793,1
rtt,256,267,IESITYSSITRL,,,11.000000,1382.752600,Rtt_Bcd,30.000002,O25178GUT,2,7.188299,231945.000000,694.548972,2
rtt,256,267,IESITYSSITRL,,,11.000000,1382.752600,Rtt_Bcd,30.000002,O25180GUT,2,7.187778,232922.000000,694.493389,3
rtt,256,267,IESITYSSITRL,,,11.000000,1382.752600,Rtt_Bcd,60.000004,O25194GUT,2,7.178538,203738.000000,694.584717,1
rtt,256,267,IESITYSSITRL,,,11.000000,1382.752600,Rtt_Bcd,60.000004,O25196GUT,2,7.185178,191619.000000,694.609122,2
rtt,256,267,IESITYSSITRL,,,11.000000,1382.752600,Rtt_Bcd,60.000004,O25198GUT,2,7.185936,187242.000000,694.607161,3
rtt,259,267,ITYSSITRL,,,8.000000,1053.593900,Rtt,0.000000,O25098GUT,2,6.741472,639756.000000,527.606350,1
rtt,259,267,ITYSSITRL,,,8.000000,1053.593900,Rtt,0.000000,O25100GUT,2,6.744120,440524.000000,527.603266,2
rtt,259,267,ITYSSITRL,,,8.000000,1053.593900,Rtt,0.000000,O25102GUT,2,6.747848,285712.000000,527.605622,3
rtt,259,267,ITYSSITRL,,,8.000000,1053.593900,Rtt,0.500000,O25116GUT,2,6.743541,81880.000000,529.438111,1
rtt,259,267,ITYSSITRL,,,8.000000,1053.593900,Rtt,0.500000,O25118GUT,2,6.738333,58677.000000,529.451235,2
rtt,259,267,ITYSSITRL,,,8.000000,1053.593900,Rtt,0.500000,O25120GUT,2,6.734254,46277.000000,529.481203,3
rtt,259,267,ITYSSITRL,,,8.000000,1053.593900,Rtt,2.000000,O25134GUT,2,6.742762,44556.000000,529.476090,1
rtt,259,267,ITYSSITRL,,,8.000000,1053.593900,Rtt,2.000000,O25136GUT,2,6.742233,52259.000000,529.422135,2
rtt,259,267,ITYSSITRL,,,8.000000,1053.593900,Rtt,2.000000,O25138GUT,2,6.743425,43605.000000,529.447937,3
rtt,259,267,ITYSSITRL,,,8.000000,1053.593900,Rtt,10.000000,O25152GUT,2,6.742737,39816.000000,529.329633,1
rtt,259,267,ITYSSITRL,,,8.000000,1053.593900,Rtt,10.000000,O25154GUT,2,6.741757,50438.000000,529.399967,2
rtt,259,267,ITYSSITRL,,,8.000000,1053.593900,Rtt,10.000000,O25156GUT,2,6.742622,51506.000000,529.372637,3
rtt,259,267,ITYSSITRL,,,8.000000,1053.593900,Rtt,30.000002,O25170GUT,2,6.735742,49431.000000,529.338830,1
rtt,259,267,ITYSSITRL,,,8.000000,1053.593900,Rtt,30.000002,O25172GUT,2,6.738283,48574.000000,529.350570,2
rtt,259,267,ITYSSITRL,,,8.000000,1053.593900,Rtt,30.000002,O25174GUT,2,6.744287,51572.000000,529.388782,3
rtt,259,267,ITYSSITRL,,,8.000000,1053.593900,Rtt,60.000004,O25188GUT,2,6.743690,36622.000000,529.331879,1
rtt,259,267,ITYSSITRL,,,8.000000,1053.593900,Rtt,60.000004,O25190GUT,2,6.738482,35157.000000,529.403634,2
rtt,259,267,ITYSSITRL,,,8.000000,1053.593900,Rtt,60.000004,O25192GUT,2,6.745277,28080.000000,529.374009,3
rtt,259,267,ITYSSITRL,,,8.000000,1053.593900,Rtt_Bcd,0.000000,O25104GUT,2,6.732660,329357.000000,527.608640,1
rtt,259,267,ITYSSITRL,,,8.000000,1053.593900,Rtt_Bcd,0.000000,O25106GUT,2,6.733479,312407.000000,527.591688,2
rtt,259,267,ITYSSITRL,,,8.000000,1053.593900,Rtt_Bcd,0.000000,O25108GUT,2,6.736750,290597.000000,527.598833,3
rtt,259,267,ITYSSITRL,,,8.000000,1053.593900,Rtt_Bcd,0.500000,O25122GUT,2,6.735151,112474.000000,529.421421,1
rtt,259,267,ITYSSITRL,,,8.000000,1053.593900,Rtt_Bcd,0.500000,O25124GUT,2,6.735413,129851.000000,529.389754,2
rtt,259,267,ITYSSITRL,,,8.000000,1053.593900,Rtt_Bcd,0.500000,O25126GUT,2,6.732515,117607.000000,529.386495,3
rtt,259,267,ITYSSITRL,,,8.000000,1053.593900,Rtt_Bcd,2.000000,O25140GUT,2,6.735064,149344.000000,529.403273,1
rtt,259,267,ITYSSITRL,,,8.000000,1053.593900,Rtt_Bcd,2.000000,O25142GUT,2,6.733998,117431.000000,529.387754,2
rtt,259,267,ITYSSITRL,,,8.000000,1053.593900,Rtt_Bcd,2.000000,O25144GUT,2,6.733987,123021.000000,529.357886,3
rtt,259,267,ITYSSITRL,,,8.000000,1053.593900,Rtt_Bcd,10.000000,O25158GUT,2,6.736246,138509.000000,529.316998,1
rtt,259,267,ITYSSITRL,,,8.000000,1053.593900,Rtt_Bcd,10.000000,O25160GUT,2,6.733372,159944.000000,529.296201,2
rtt,259,267,ITYSSITRL,,,8.000000,1053.593900,Rtt_Bcd,10.000000,O25162GUT,2,6.736380,163996.000000,529.314335,3
rtt,259,267,ITYSSITRL,,,8.000000,1053.593900,Rtt_Bcd,30.000002,O25176GUT,2,6.735141,160473.000000,529.297643,1
rtt,259,267,ITYSSITRL,,,8.000000,1053.593900,Rtt_Bcd,30.000002,O25178GUT,2,6.740800,136427.000000,529.281073,2
rtt,259,267,ITYSSITRL,,,8.000000,1053.593900,Rtt_Bcd,30.000002,O25180GUT,2,6.740074,130470.000000,529.269033,3
rtt,259,267,ITYSSITRL,,,8.000000,1053.593900,Rtt_Bcd,60.000004,O25194GUT,2,6.730854,120787.000000,529.355195,1
rtt,259,267,ITYSSITRL,,,8.000000,1053.593900,Rtt_Bcd,60.000004,O25196GUT,2,6.732213,111899.000000,529.286817,2
rtt,259,267,ITYSSITRL,,,8.000000,1053.593900,Rtt_Bcd,60.000004,O25198GUT,2,6.728107,107732.000000,529.296287,3
rtt,274,285,VTKDGEKYEFSM,,,11.000000,1433.661700,Rtt,0.000000,O25098GUT,2,6.467925,785127.000000,717.762398,1
rtt,274,285,VTKDGEKYEFSM,,,11.000000,1433.661700,Rtt,0.000000,O25100GUT,2,6.471713,539446.000000,717.772660,2
rtt,274,285,VTKDGEKYEFSM,,,11.000000,1433.661700,Rtt,0.000000,O25102GUT,2,6.475795,303149.000000,717.769181,3
rtt,274,285,VTKDGEKYEFSM,,,11.000000,1433.661700,Rtt,0.500000,O25116GUT,2,6.481147,107413.000000,718.471155,1
rtt,274,285,VTKDGEKYEFSM,,,11.000000,1433.661700,Rtt,0.500000,O25118GUT,2,6.480500,81004.000000,718.454880,2
rtt,274,285,VTKDGEKYEFSM,,,11.000000,1433.661700,Rtt,0.500000,O25120GUT,2,6.480758,69848.000000,718.433095,3
rtt,274,285,VTKDGEKYEFSM,,,11.000000,1433.661700,Rtt,2.000000,O25134GUT,2,6.477905,65359.000000,718.919957,1
rtt,274,285,VTKDGEKYEFSM,,,11.000000,1433.661700,Rtt,2.000000,O25136GUT,2,6.480064,66721.000000,718.784723,2
rtt,274,285,VTKDGEKYEFSM,,,11.000000,1433.661700,Rtt,2.000000,O25138GUT,2,6.482705,61402.000000,718.849339,3
rtt,274,285,VTKDGEKYEFSM,,,11.000000,1433.661700,Rtt,10.000000,O25152GUT,2,6.486943,63772.000000,719.347693,1
rtt,274,285,VTKDGEKYEFSM,,,11.000000,1433.661700,Rtt,10.000000,O25154GUT,2,6.479046,65756.000000,719.356618,2
rtt,274,285,VTKDGEKYEFSM,,,11.000000,1433.661700,Rtt,10.000000,O25156GUT,2,6.481222,63271.000000,719.350612,3
rtt,274,285,VTKDGEKYEFSM,,,11.000000,1433.661700,Rtt,30.000002,O25170GUT,2,6.475924,70028.000000,719.510065,1
rtt,274,285,VTKDGEKYEFSM,,,11.000000,1433.661700,Rtt,30.000002,O25172GUT,2,6.480047,60773.000000,719.492337,2
rtt,274,285,VTKDGEKYEFSM,,,11.000000,1433.661700,Rtt,30.000002,O25174GUT,2,6.481658,63623.000000,719.517367,3
rtt,274,285,VTKDGEKYEFSM,,,11.000000,1433.661700,Rtt,60.000004,O25188GUT,2,6.489340,47177.000000,719.519610,1
rtt,274,285,VTKDGEKYEFSM,,,11.000000,1433.661700,Rtt,60.000004,O25190GUT,2,6.483085,47679.000000,719.637677,2
rtt,274,285,VTKDGEKYEFSM,,,11.000000,1433.661700,Rtt,60.000004,O25192GUT,2,6.482068,44756.000000,719.503259,3
rtt,274,285,VTKDGEKYEFSM,,,11.000000,1433.661700,Rtt_Bcd,0.000000,O25104GUT,2,6.443015,446883.000000,717.785442,1
rtt,274,285,VTKDGEKYEFSM,,,11.000000,1433.661700,Rtt_Bcd,0.000000,O25106GUT,2,6.446435,429014.000000,717.783408,2
rtt,274,285,VTKDGEKYEFSM,,,11.000000,1433.661700,Rtt_Bcd,0.000000,O25108GUT,2,6.449159,393220.000000,717.794786,3
rtt,274,285,VTKDGEKYEFSM,,,11.000000,1433.661700,Rtt_Bcd,0.500000,O25122GUT,2,6.465219,219191.000000,718.384101,1
rtt,274,285,VTKDGEKYEFSM,,,11.000000,1433.661700,Rtt_Bcd,0.500000,O25124GUT,2,6.462697,229493.000000,718.369853,2
rtt,274,285,VTKDGEKYEFSM,,,11.000000,1433.661700,Rtt_Bcd,0.500000,O25126GUT,2,6.462867,204500.000000,718.356862,3
rtt,274,285,VTKDGEKYEFSM,,,11.000000,1433.661700,Rtt_Bcd,2.000000,O25140GUT,2,6.457846,264086.000000,718.706788,1
rtt,274,285,VTKDGEKYEFSM,,,11.000000,1433.661700,Rtt_Bcd,2.000000,O25142GUT,2,6.463917,211261.000000,718.716610,2
rtt,274,285,VTKDGEKYEFSM,,,11.000000,1433.661700,Rtt_Bcd,2.000000,O25144GUT,2,6.457569,225232.000000,718.665582,3
rtt,274,285,VTKDGEKYEFSM,,,11.000000,1433.661700,Rtt_Bcd,10.000000,O25158GUT,2,6.462040,238143.000000,719.147010,1
rtt,274,285,VTKDGEKYEFSM,,,11.000000,1433.661700,Rtt_Bcd,10.000000,O25160GUT,2,6.455341,250358.000000,719.062303,2
rtt,274,285,VTKDGEKYEFSM,,,11.000000,1433.661700,Rtt_Bcd,10.000000,O25162GUT,2,6.458477,258365.000000,719.144994,3
rtt,274,285,VTKDGEKYEFSM,,,11.000000,1433.661700,Rtt_Bcd,30.000002,O25176GUT,2,6.457332,265316.000000,719.179436,1
rtt,274,285,VTKDGEKYEFSM,,,11.000000,1433.661700,Rtt_Bcd,30.000002,O25178GUT,2,6.464846,235212.000000,719.212703,2
rtt,274,285,VTKDGEKYEFSM,,,11.000000,1433.661700,Rtt_Bcd,30.000002,O25180GUT,2,6.464692,242652.000000,719.193158,3
rtt,274,285,VTKDGEKYEFSM,,,11.000000,1433.661700,Rtt_Bcd,60.000004,O25194GUT,2,6.456461,209057.000000,719.259675,1
rtt,274,285,VTKDGEKYEFSM,,,11.000000,1433.661700,Rtt_Bcd,60.000004,O25196GUT,2,6.453587,189830.000000,719.317717,2
rtt,274,285,VTKDGEKYEFSM,,,11.000000,1433.661700,Rtt_Bcd,60.000004,O25198GUT,2,6.450866,186322.000000,719.298844,3
